Feb 14 01:01:32 gremlin-1 systemd[1]: exo.service: State 'stop-sigterm' timed out. Killing.
Feb 14 01:01:32 gremlin-1 systemd[1]: exo.service: Killing process 1070975 (.exo-wrapped) with signal SIGKILL.
Feb 14 01:01:32 gremlin-1 systemd[1]: exo.service: Killing process 1071018 (python3.13) with signal SIGKILL.
Feb 14 01:01:32 gremlin-1 systemd[1]: exo.service: Main process exited, code=killed, status=9/KILL
Feb 14 01:01:32 gremlin-1 systemd[1]: exo.service: Failed with result 'timeout'.
Feb 14 01:01:32 gremlin-1 systemd[1]: Stopped exo Distributed AI Inference Service.
Feb 14 01:01:32 gremlin-1 systemd[1]: exo.service: Consumed 1min 31.946s CPU time, 16.7G memory peak, 10.9G read from disk, 408K written to disk, 8.7G incoming IP traffic, 197.1M outgoing IP traffic.
Feb 14 01:01:32 gremlin-1 systemd[1]: Starting exo Distributed AI Inference Service...
Feb 14 01:01:32 gremlin-1 systemd[1]: Started exo Distributed AI Inference Service.
Feb 14 01:01:33 gremlin-1 exo[1116617]: [ 01:01:33.858 | INFO     | exo.main:main:259 ] Starting EXO
Feb 14 01:01:33 gremlin-1 exo[1116617]: [ 01:01:33.859 | INFO     | exo.main:main:260 ] EXO_LIBP2P_NAMESPACE: None
Feb 14 01:01:33 gremlin-1 exo[1116617]: [ 01:01:33.863 | DEBUG    | logging:handle:1681 ] Using selector: EpollSelector
Feb 14 01:01:33 gremlin-1 exo[1116617]: [ 01:01:33.865 | INFO     | exo.routing.router:_networking_subscribe:174 ] Subscribed to global_events
Feb 14 01:01:33 gremlin-1 exo[1116617]: [ 01:01:33.867 | INFO     | exo.routing.router:_networking_subscribe:174 ] Subscribed to local_events
Feb 14 01:01:33 gremlin-1 exo[1116617]: [ 01:01:33.869 | INFO     | exo.routing.router:_networking_subscribe:174 ] Subscribed to commands
Feb 14 01:01:33 gremlin-1 exo[1116617]: [ 01:01:33.870 | INFO     | exo.routing.router:_networking_subscribe:174 ] Subscribed to election_messages
Feb 14 01:01:33 gremlin-1 exo[1116617]: [ 01:01:33.870 | INFO     | exo.routing.router:_networking_subscribe:174 ] Subscribed to connection_messages
Feb 14 01:01:33 gremlin-1 exo[1116617]: [ 01:01:33.873 | INFO     | exo.routing.router:_networking_subscribe:174 ] Subscribed to download_commands
Feb 14 01:01:33 gremlin-1 exo[1116617]: [ 01:01:33.873 | INFO     | exo.main:create:57 ] Starting node 12D3KooWFqJJWdMdMqg7KvrGjxbVsQDJoZVLowt7DVkf4558y9RT
Feb 14 01:01:33 gremlin-1 exo[1116617]: [ 01:01:33.940 | DEBUG    | logging:handle:1681 ] Using selector: EpollSelector
Feb 14 01:01:33 gremlin-1 exo[1116617]: [ 01:01:33.941 | DEBUG    | exo.routing.router:run:149 ] Starting Router
Feb 14 01:01:33 gremlin-1 exo[1116617]: [ 01:01:33.941 | INFO     | exo.shared.election:run:88 ] Starting Election
Feb 14 01:01:33 gremlin-1 exo[1116617]: [ 01:01:33.941 | DEBUG    | exo.shared.election:run:98 ] Starting initial campaign
Feb 14 01:01:33 gremlin-1 exo[1116617]: [ 01:01:33.941 | DEBUG    | exo.shared.election:_campaign:216 ] Election 0 started
Feb 14 01:01:33 gremlin-1 exo[1116617]: [ 01:01:33.942 | INFO     | exo.download.coordinator:run:63 ] Starting DownloadCoordinator
Feb 14 01:01:33 gremlin-1 exo[1116617]: [ 01:01:33.966 | DEBUG    | exo.download.coordinator:_test_internet_connection:77 ] Internet connectivity: True
Feb 14 01:01:33 gremlin-1 exo[1116617]: [ 01:01:33.966 | INFO     | exo.worker.main:run:96 ] Starting Worker
Feb 14 01:01:33 gremlin-1 exo[1116617]: [ 01:01:33.967 | INFO     | exo.master.main:run:97 ] Starting Master
Feb 14 01:01:33 gremlin-1 exo[1116617]: [ 01:01:33.967 | INFO     | exo.master.api:run:1337 ] Starting API
Feb 14 01:01:33 gremlin-1 exo[1116617]: [ 01:01:33.967 | DEBUG    | exo.routing.router:run:52 ] Topic Router TypedTopic(topic='global_events', publish_policy=<PublishPolicy.Always: 'Always'>, model_type=<class 'exo.shared.types.events.ForwarderEvent'>) ready to send
Feb 14 01:01:33 gremlin-1 exo[1116617]: [ 01:01:33.967 | DEBUG    | exo.routing.router:run:52 ] Topic Router TypedTopic(topic='local_events', publish_policy=<PublishPolicy.Always: 'Always'>, model_type=<class 'exo.shared.types.events.ForwarderEvent'>) ready to send
Feb 14 01:01:33 gremlin-1 exo[1116617]: [ 01:01:33.967 | DEBUG    | exo.routing.router:run:52 ] Topic Router TypedTopic(topic='commands', publish_policy=<PublishPolicy.Always: 'Always'>, model_type=<class 'exo.shared.types.commands.ForwarderCommand'>) ready to send
Feb 14 01:01:33 gremlin-1 exo[1116617]: [ 01:01:33.967 | DEBUG    | exo.routing.router:run:52 ] Topic Router TypedTopic(topic='election_messages', publish_policy=<PublishPolicy.Always: 'Always'>, model_type=<class 'exo.shared.election.ElectionMessage'>) ready to send
Feb 14 01:01:33 gremlin-1 exo[1116617]: [ 01:01:33.967 | DEBUG    | exo.routing.router:run:52 ] Topic Router TypedTopic(topic='connection_messages', publish_policy=<PublishPolicy.Never: 'Never'>, model_type=<class 'exo.routing.connection_message.ConnectionMessage'>) ready to send
Feb 14 01:01:33 gremlin-1 exo[1116617]: [ 01:01:33.968 | DEBUG    | exo.routing.router:run:52 ] Topic Router TypedTopic(topic='download_commands', publish_policy=<PublishPolicy.Always: 'Always'>, model_type=<class 'exo.shared.types.commands.ForwarderDownloadCommand'>) ready to send
Feb 14 01:01:33 gremlin-1 exo[1116617]: [ 01:01:33.968 | DEBUG    | exo.shared.election:_campaign:222 ] Sleeping for 0.0 seconds
Feb 14 01:01:33 gremlin-1 exo[1116617]: [ 01:01:33.968 | DEBUG    | exo.download.coordinator:_emit_existing_download_progress:279 ] DownloadCoordinator: Fetching and emitting existing download progress...
Feb 14 01:01:34 gremlin-1 exo[1116617]: [ 01:01:34.014 | DEBUG    | exo.shared.election:_campaign:226 ] Woke up from sleep
Feb 14 01:01:34 gremlin-1 exo[1116617]: [ 01:01:34.016 | DEBUG    | exo.shared.election:_campaign:232 ] Election queue [ElectionMessage(clock=0, seniority=0, proposed_session=SessionId(master_node_id='12D3KooWFqJJWdMdMqg7KvrGjxbVsQDJoZVLowt7DVkf4558y9RT', election_clock=0), commands_seen=0)]
Feb 14 01:01:34 gremlin-1 exo[1116617]: [ 01:01:34.016 | DEBUG    | exo.shared.election:_campaign:233 ] Elected: clock=0 seniority=0 proposed_session=SessionId(master_node_id='12D3KooWFqJJWdMdMqg7KvrGjxbVsQDJoZVLowt7DVkf4558y9RT', election_clock=0) commands_seen=0
Feb 14 01:01:34 gremlin-1 exo[1116617]: [ 01:01:34.016 | DEBUG    | exo.shared.election:_campaign:238 ] Node is a candidate and seniority is 0
Feb 14 01:01:34 gremlin-1 exo[1116617]: [ 01:01:34.016 | DEBUG    | exo.shared.election:_campaign:242 ] New seniority: 1
Feb 14 01:01:34 gremlin-1 exo[1116617]: [ 01:01:34.016 | DEBUG    | exo.shared.election:_campaign:247 ] Election finished, new SessionId(master_node_id='12D3KooWFqJJWdMdMqg7KvrGjxbVsQDJoZVLowt7DVkf4558y9RT' election_clock=0) with queue [ElectionMessage(clock=0, seniority=0, proposed_session=SessionId(master_node_id='12D3KooWFqJJWdMdMqg7KvrGjxbVsQDJoZVLowt7DVkf4558y9RT', election_clock=0), commands_seen=0)]
Feb 14 01:01:34 gremlin-1 exo[1116617]: [ 01:01:34.016 | DEBUG    | exo.shared.election:_campaign:250 ] Sending election result
Feb 14 01:01:34 gremlin-1 exo[1116617]: [ 01:01:34.017 | DEBUG    | exo.shared.election:elect:114 ] Electing: clock=0 seniority=0 proposed_session=SessionId(master_node_id='12D3KooWFqJJWdMdMqg7KvrGjxbVsQDJoZVLowt7DVkf4558y9RT', election_clock=0) commands_seen=0
Feb 14 01:01:34 gremlin-1 exo[1116617]: [ 01:01:34.017 | DEBUG    | exo.shared.election:elect:117 ] Current session: master_node_id='12D3KooWFqJJWdMdMqg7KvrGjxbVsQDJoZVLowt7DVkf4558y9RT' election_clock=0
Feb 14 01:01:34 gremlin-1 exo[1116617]: [ 01:01:34.017 | DEBUG    | exo.shared.election:_election_receiver:137 ] Election message received: clock=0 seniority=0 proposed_session=SessionId(master_node_id='12D3KooWFqJJWdMdMqg7KvrGjxbVsQDJoZVLowt7DVkf4558y9RT', election_clock=0) commands_seen=0
Feb 14 01:01:34 gremlin-1 exo[1116617]: [ 01:01:34.017 | DEBUG    | exo.shared.election:_election_receiver:139 ] Dropping message from ourselves
Feb 14 01:01:34 gremlin-1 exo[1116617]: [ 01:01:34.017 | DEBUG    | exo.shared.election:_campaign:252 ] Election result sent
Feb 14 01:01:34 gremlin-1 exo[1116617]: [ 01:01:34.017 | DEBUG    | exo.shared.election:_campaign:256 ] Election 0 finally
Feb 14 01:01:34 gremlin-1 exo[1116617]: [ 01:01:34.017 | DEBUG    | exo.shared.election:_campaign:259 ] Setting done event
Feb 14 01:01:34 gremlin-1 exo[1116617]: [ 01:01:34.017 | DEBUG    | exo.shared.election:_campaign:261 ] Done event set
Feb 14 01:01:34 gremlin-1 exo[1116617]: [ 01:01:34.017 | DEBUG    | exo.shared.election:run:101 ] Initial campaign finished
Feb 14 01:01:34 gremlin-1 exo[1116617]: [ 01:01:34.018 | INFO     | exo.main:_elect_loop:180 ] Node elected Master
Feb 14 01:01:34 gremlin-1 exo[1116617]: [ 01:01:34.018 | INFO     | exo.master.api:unpause:234 ] Unpausing API
Feb 14 01:01:34 gremlin-1 exo[1116617]: [ 01:01:34.018 | DEBUG    | exo.worker.main:_forward_events:339 ] Worker published event 0: NodeGatheredInfo(event_id='55515e73-c5eb-48fd-b1ff-9ea4c842f90a' node_id='12D3KooWFqJJWdMdMqg7KvrGjx
Feb 14 01:01:34 gremlin-1 exo[1116617]: [ 01:01:34.019 | INFO     | logging:handle:1681 ] Running on http://0.0.0.0:52415 (CTRL + C to quit)
Feb 14 01:01:34 gremlin-1 exo[1116617]: [ 01:01:34.019 | INFO     | logging:handle:1681 ] Running on http://0.0.0.0:52415 (CTRL + C to quit)
Feb 14 01:01:34 gremlin-1 exo[1116617]: [ 01:01:34.020 | DEBUG    | exo.worker.main:_forward_events:339 ] Worker published event 1: NodeGatheredInfo(event_id='3b081680-9000-48a9-82f1-5700d2dcc667' node_id='12D3KooWFqJJWdMdMqg7KvrGjx
Feb 14 01:01:34 gremlin-1 exo[1116617]: [ 01:01:34.020 | DEBUG    | exo.shared.election:_election_receiver:137 ] Election message received: clock=0 seniority=0 proposed_session=SessionId(master_node_id='12D3KooWFqJJWdMdMqg7KvrGjxbVsQDJoZVLowt7DVkf4558y9RT', election_clock=0) commands_seen=0
Feb 14 01:01:34 gremlin-1 exo[1116617]: [ 01:01:34.020 | DEBUG    | exo.shared.election:_election_receiver:139 ] Dropping message from ourselves
Feb 14 01:01:34 gremlin-1 exo[1116617]: [ 01:01:34.020 | DEBUG    | exo.worker.main:_forward_events:339 ] Worker published event 2: NodeGatheredInfo(event_id='0dc4718f-bbc0-4393-904d-f27f1b930acd' node_id='12D3KooWFqJJWdMdMqg7KvrGjx
Feb 14 01:01:34 gremlin-1 exo[1116617]: [ 01:01:34.021 | DEBUG    | exo.master.main:_event_processor:386 ] Master indexing event: NodeGatheredInfo(event_id='55515e73-c5eb-48fd-b1ff-9ea4c842f90a' node_id='12D3KooWFqJJWdMdMqg7KvrGjx
Feb 14 01:01:34 gremlin-1 exo[1116617]: [ 01:01:34.022 | DEBUG    | exo.master.main:_event_processor:386 ] Master indexing event: NodeGatheredInfo(event_id='3b081680-9000-48a9-82f1-5700d2dcc667' node_id='12D3KooWFqJJWdMdMqg7KvrGjx
Feb 14 01:01:34 gremlin-1 exo[1116617]: [ 01:01:34.024 | DEBUG    | exo.master.main:_event_processor:386 ] Master indexing event: NodeGatheredInfo(event_id='0dc4718f-bbc0-4393-904d-f27f1b930acd' node_id='12D3KooWFqJJWdMdMqg7KvrGjx
Feb 14 01:01:34 gremlin-1 exo[1116617]: [ 01:01:34.033 | DEBUG    | exo.worker.main:_forward_events:339 ] Worker published event 3: NodeGatheredInfo(event_id='890bfe13-abab-4ac0-adc6-ef18aacfdf8f' node_id='12D3KooWFqJJWdMdMqg7KvrGjx
Feb 14 01:01:34 gremlin-1 exo[1116617]: [ 01:01:34.034 | DEBUG    | exo.worker.main:_forward_events:339 ] Worker published event 4: NodeGatheredInfo(event_id='fee40016-3565-42a5-8b8b-c2566f66be28' node_id='12D3KooWFqJJWdMdMqg7KvrGjx
Feb 14 01:01:34 gremlin-1 exo[1116617]: [ 01:01:34.034 | DEBUG    | exo.master.main:_event_processor:386 ] Master indexing event: NodeGatheredInfo(event_id='890bfe13-abab-4ac0-adc6-ef18aacfdf8f' node_id='12D3KooWFqJJWdMdMqg7KvrGjx
Feb 14 01:01:34 gremlin-1 exo[1116617]: [ 01:01:34.035 | DEBUG    | exo.master.main:_event_processor:386 ] Master indexing event: NodeGatheredInfo(event_id='fee40016-3565-42a5-8b8b-c2566f66be28' node_id='12D3KooWFqJJWdMdMqg7KvrGjx
Feb 14 01:01:34 gremlin-1 exo[1116617]: [ 01:01:34.573 | DEBUG    | exo.download.coordinator:_forward_events:271 ] DownloadCoordinator published event 5: NodeDownloadProgress(event_id='d5e36cbb-9f7c-43f3-91ff-7b9e50d103f9' download_progress=DownloadPendi
Feb 14 01:01:34 gremlin-1 exo[1116617]: [ 01:01:34.574 | DEBUG    | exo.download.coordinator:_forward_events:271 ] DownloadCoordinator published event 6: NodeDownloadProgress(event_id='f2f964e8-c1e0-4a5f-9dba-354bb2c052c8' download_progress=DownloadPendi
Feb 14 01:01:34 gremlin-1 exo[1116617]: [ 01:01:34.575 | DEBUG    | exo.master.main:_event_processor:386 ] Master indexing event: NodeDownloadProgress(event_id='d5e36cbb-9f7c-43f3-91ff-7b9e50d103f9' download_progress=DownloadPendi
Feb 14 01:01:34 gremlin-1 exo[1116617]: [ 01:01:34.577 | DEBUG    | exo.master.main:_event_processor:386 ] Master indexing event: NodeDownloadProgress(event_id='f2f964e8-c1e0-4a5f-9dba-354bb2c052c8' download_progress=DownloadPendi
Feb 14 01:01:34 gremlin-1 exo[1116617]: [ 01:01:34.686 | DEBUG    | exo.download.coordinator:_forward_events:271 ] DownloadCoordinator published event 7: NodeDownloadProgress(event_id='7d98a2e7-f12b-41bc-bcfb-085ff041d704' download_progress=DownloadPendi
Feb 14 01:01:34 gremlin-1 exo[1116617]: [ 01:01:34.689 | DEBUG    | exo.master.main:_event_processor:386 ] Master indexing event: NodeDownloadProgress(event_id='7d98a2e7-f12b-41bc-bcfb-085ff041d704' download_progress=DownloadPendi
Feb 14 01:01:34 gremlin-1 exo[1116617]: [ 01:01:34.719 | DEBUG    | exo.download.coordinator:_forward_events:271 ] DownloadCoordinator published event 8: NodeDownloadProgress(event_id='375f9092-44d3-4d4e-b84a-f648b2b7e311' download_progress=DownloadPendi
Feb 14 01:01:34 gremlin-1 exo[1116617]: [ 01:01:34.720 | DEBUG    | exo.master.main:_event_processor:386 ] Master indexing event: NodeDownloadProgress(event_id='375f9092-44d3-4d4e-b84a-f648b2b7e311' download_progress=DownloadPendi
Feb 14 01:01:34 gremlin-1 exo[1116617]: [ 01:01:34.800 | DEBUG    | exo.download.coordinator:_forward_events:271 ] DownloadCoordinator published event 9: NodeDownloadProgress(event_id='3f64886d-3583-4ab0-a46d-1714081e618d' download_progress=DownloadPendi
Feb 14 01:01:34 gremlin-1 exo[1116617]: [ 01:01:34.801 | DEBUG    | exo.master.main:_event_processor:386 ] Master indexing event: NodeDownloadProgress(event_id='3f64886d-3583-4ab0-a46d-1714081e618d' download_progress=DownloadPendi
Feb 14 01:01:34 gremlin-1 exo[1116617]: [ 01:01:34.839 | DEBUG    | exo.download.coordinator:_forward_events:271 ] DownloadCoordinator published event 10: NodeDownloadProgress(event_id='acfe6f09-e1c3-4a3d-b822-400d2ce323b6' download_progress=DownloadCompl
Feb 14 01:01:34 gremlin-1 exo[1116617]: [ 01:01:34.840 | DEBUG    | exo.master.main:_event_processor:386 ] Master indexing event: NodeDownloadProgress(event_id='acfe6f09-e1c3-4a3d-b822-400d2ce323b6' download_progress=DownloadCompl
Feb 14 01:01:34 gremlin-1 exo[1116617]: [ 01:01:34.944 | DEBUG    | exo.download.coordinator:_forward_events:271 ] DownloadCoordinator published event 11: NodeDownloadProgress(event_id='d6875db1-e578-404e-82c4-496abc9507d8' download_progress=DownloadPendi
Feb 14 01:01:34 gremlin-1 exo[1116617]: [ 01:01:34.945 | DEBUG    | exo.master.main:_event_processor:386 ] Master indexing event: NodeDownloadProgress(event_id='d6875db1-e578-404e-82c4-496abc9507d8' download_progress=DownloadPendi
Feb 14 01:01:35 gremlin-1 exo[1116617]: [ 01:01:35.016 | DEBUG    | exo.worker.main:_forward_events:339 ] Worker published event 12: NodeGatheredInfo(event_id='25853285-30cc-417a-a54e-10a3113aa57b' node_id='12D3KooWFqJJWdMdMqg7KvrGjx
Feb 14 01:01:35 gremlin-1 exo[1116617]: [ 01:01:35.017 | DEBUG    | exo.master.main:_event_processor:386 ] Master indexing event: NodeGatheredInfo(event_id='25853285-30cc-417a-a54e-10a3113aa57b' node_id='12D3KooWFqJJWdMdMqg7KvrGjx
Feb 14 01:01:35 gremlin-1 exo[1116617]: [ 01:01:35.019 | DEBUG    | exo.download.coordinator:_forward_events:271 ] DownloadCoordinator published event 13: NodeDownloadProgress(event_id='3ce9f72f-9f81-4fcd-bef7-85e452c1c797' download_progress=DownloadPendi
Feb 14 01:01:35 gremlin-1 exo[1116617]: [ 01:01:35.020 | DEBUG    | exo.master.main:_event_processor:386 ] Master indexing event: NodeDownloadProgress(event_id='3ce9f72f-9f81-4fcd-bef7-85e452c1c797' download_progress=DownloadPendi
Feb 14 01:01:35 gremlin-1 exo[1116617]: [ 01:01:35.022 | DEBUG    | exo.download.coordinator:_forward_events:271 ] DownloadCoordinator published event 14: NodeDownloadProgress(event_id='4581c62f-4eba-4049-981c-5fe1118a6c5b' download_progress=DownloadPendi
Feb 14 01:01:35 gremlin-1 exo[1116617]: [ 01:01:35.022 | DEBUG    | exo.master.main:_event_processor:386 ] Master indexing event: NodeDownloadProgress(event_id='4581c62f-4eba-4049-981c-5fe1118a6c5b' download_progress=DownloadPendi
Feb 14 01:01:35 gremlin-1 exo[1116617]: [ 01:01:35.086 | DEBUG    | exo.download.coordinator:_forward_events:271 ] DownloadCoordinator published event 15: NodeDownloadProgress(event_id='6b0528e1-8321-44db-8f69-ed3744c191f1' download_progress=DownloadPendi
Feb 14 01:01:35 gremlin-1 exo[1116617]: [ 01:01:35.087 | DEBUG    | exo.master.main:_event_processor:386 ] Master indexing event: NodeDownloadProgress(event_id='6b0528e1-8321-44db-8f69-ed3744c191f1' download_progress=DownloadPendi
Feb 14 01:01:35 gremlin-1 exo[1116617]: [ 01:01:35.152 | DEBUG    | exo.download.coordinator:_forward_events:271 ] DownloadCoordinator published event 16: NodeDownloadProgress(event_id='6237466e-e3a1-401f-b149-f02a1e41532d' download_progress=DownloadPendi
Feb 14 01:01:35 gremlin-1 exo[1116617]: [ 01:01:35.153 | DEBUG    | exo.master.main:_event_processor:386 ] Master indexing event: NodeDownloadProgress(event_id='6237466e-e3a1-401f-b149-f02a1e41532d' download_progress=DownloadPendi
Feb 14 01:01:35 gremlin-1 exo[1116617]: [ 01:01:35.199 | DEBUG    | exo.download.coordinator:_forward_events:271 ] DownloadCoordinator published event 17: NodeDownloadProgress(event_id='b03d0de6-ce0d-471d-9903-c0f2116b7ade' download_progress=DownloadPendi
Feb 14 01:01:35 gremlin-1 exo[1116617]: [ 01:01:35.201 | DEBUG    | exo.master.main:_event_processor:386 ] Master indexing event: NodeDownloadProgress(event_id='b03d0de6-ce0d-471d-9903-c0f2116b7ade' download_progress=DownloadPendi
Feb 14 01:01:35 gremlin-1 exo[1116617]: [ 01:01:35.248 | DEBUG    | exo.download.coordinator:_forward_events:271 ] DownloadCoordinator published event 18: NodeDownloadProgress(event_id='5dae43aa-af1b-46ed-b0ce-c707d201ceab' download_progress=DownloadPendi
Feb 14 01:01:35 gremlin-1 exo[1116617]: [ 01:01:35.249 | DEBUG    | exo.master.main:_event_processor:386 ] Master indexing event: NodeDownloadProgress(event_id='5dae43aa-af1b-46ed-b0ce-c707d201ceab' download_progress=DownloadPendi
Feb 14 01:01:35 gremlin-1 exo[1116617]: [ 01:01:35.285 | DEBUG    | exo.download.coordinator:_forward_events:271 ] DownloadCoordinator published event 19: NodeDownloadProgress(event_id='ae1a0b6c-1785-4b6c-97f2-82d192100911' download_progress=DownloadPendi
Feb 14 01:01:35 gremlin-1 exo[1116617]: [ 01:01:35.286 | DEBUG    | exo.download.coordinator:_forward_events:271 ] DownloadCoordinator published event 20: NodeDownloadProgress(event_id='1711e277-f8f0-492c-b6ec-863257456f0e' download_progress=DownloadPendi
Feb 14 01:01:35 gremlin-1 exo[1116617]: [ 01:01:35.287 | DEBUG    | exo.master.main:_event_processor:386 ] Master indexing event: NodeDownloadProgress(event_id='ae1a0b6c-1785-4b6c-97f2-82d192100911' download_progress=DownloadPendi
Feb 14 01:01:35 gremlin-1 exo[1116617]: [ 01:01:35.288 | DEBUG    | exo.master.main:_event_processor:386 ] Master indexing event: NodeDownloadProgress(event_id='1711e277-f8f0-492c-b6ec-863257456f0e' download_progress=DownloadPendi
Feb 14 01:01:35 gremlin-1 exo[1116617]: [ 01:01:35.357 | DEBUG    | exo.download.coordinator:_forward_events:271 ] DownloadCoordinator published event 21: NodeDownloadProgress(event_id='5352143b-6b10-49ba-992e-f0415f5d33dc' download_progress=DownloadPendi
Feb 14 01:01:35 gremlin-1 exo[1116617]: [ 01:01:35.359 | DEBUG    | exo.master.main:_event_processor:386 ] Master indexing event: NodeDownloadProgress(event_id='5352143b-6b10-49ba-992e-f0415f5d33dc' download_progress=DownloadPendi
Feb 14 01:01:35 gremlin-1 exo[1116617]: [ 01:01:35.412 | DEBUG    | exo.download.coordinator:_forward_events:271 ] DownloadCoordinator published event 22: NodeDownloadProgress(event_id='352be2db-93a2-48c0-874b-dbc2d42adb54' download_progress=DownloadPendi
Feb 14 01:01:35 gremlin-1 exo[1116617]: [ 01:01:35.414 | DEBUG    | exo.master.main:_event_processor:386 ] Master indexing event: NodeDownloadProgress(event_id='352be2db-93a2-48c0-874b-dbc2d42adb54' download_progress=DownloadPendi
Feb 14 01:01:35 gremlin-1 exo[1116617]: [ 01:01:35.460 | DEBUG    | exo.download.coordinator:_forward_events:271 ] DownloadCoordinator published event 23: NodeDownloadProgress(event_id='bbf6fe3c-b952-4c91-a647-86d14c63c4de' download_progress=DownloadPendi
Feb 14 01:01:35 gremlin-1 exo[1116617]: [ 01:01:35.461 | DEBUG    | exo.master.main:_event_processor:386 ] Master indexing event: NodeDownloadProgress(event_id='bbf6fe3c-b952-4c91-a647-86d14c63c4de' download_progress=DownloadPendi
Feb 14 01:01:35 gremlin-1 exo[1116617]: [ 01:01:35.518 | DEBUG    | exo.download.coordinator:_forward_events:271 ] DownloadCoordinator published event 24: NodeDownloadProgress(event_id='3cdfb382-6a48-4065-97be-2832efb70194' download_progress=DownloadPendi
Feb 14 01:01:35 gremlin-1 exo[1116617]: [ 01:01:35.519 | DEBUG    | exo.master.main:_event_processor:386 ] Master indexing event: NodeDownloadProgress(event_id='3cdfb382-6a48-4065-97be-2832efb70194' download_progress=DownloadPendi
Feb 14 01:01:35 gremlin-1 exo[1116617]: [ 01:01:35.546 | DEBUG    | exo.download.coordinator:_forward_events:271 ] DownloadCoordinator published event 25: NodeDownloadProgress(event_id='24ecd1c5-9710-442a-bdbb-097644e52311' download_progress=DownloadPendi
Feb 14 01:01:35 gremlin-1 exo[1116617]: [ 01:01:35.548 | DEBUG    | exo.master.main:_event_processor:386 ] Master indexing event: NodeDownloadProgress(event_id='24ecd1c5-9710-442a-bdbb-097644e52311' download_progress=DownloadPendi
Feb 14 01:01:35 gremlin-1 exo[1116617]: [ 01:01:35.582 | DEBUG    | exo.download.coordinator:_forward_events:271 ] DownloadCoordinator published event 26: NodeDownloadProgress(event_id='76fbc172-9534-4123-a225-456642748e6f' download_progress=DownloadCompl
Feb 14 01:01:35 gremlin-1 exo[1116617]: [ 01:01:35.583 | DEBUG    | exo.master.main:_event_processor:386 ] Master indexing event: NodeDownloadProgress(event_id='76fbc172-9534-4123-a225-456642748e6f' download_progress=DownloadCompl
Feb 14 01:01:35 gremlin-1 exo[1116617]: [ 01:01:35.636 | DEBUG    | exo.download.coordinator:_forward_events:271 ] DownloadCoordinator published event 27: NodeDownloadProgress(event_id='e872807a-824e-4d0f-a0cd-7e6e82f28f24' download_progress=DownloadPendi
Feb 14 01:01:35 gremlin-1 exo[1116617]: [ 01:01:35.637 | DEBUG    | exo.master.main:_event_processor:386 ] Master indexing event: NodeDownloadProgress(event_id='e872807a-824e-4d0f-a0cd-7e6e82f28f24' download_progress=DownloadPendi
Feb 14 01:01:35 gremlin-1 exo[1116617]: [ 01:01:35.693 | DEBUG    | exo.download.coordinator:_forward_events:271 ] DownloadCoordinator published event 28: NodeDownloadProgress(event_id='bef5d5c1-637e-4c0c-99c7-d15e3e3a8909' download_progress=DownloadPendi
Feb 14 01:01:35 gremlin-1 exo[1116617]: [ 01:01:35.694 | DEBUG    | exo.master.main:_event_processor:386 ] Master indexing event: NodeDownloadProgress(event_id='bef5d5c1-637e-4c0c-99c7-d15e3e3a8909' download_progress=DownloadPendi
Feb 14 01:01:35 gremlin-1 exo[1116617]: [ 01:01:35.747 | DEBUG    | exo.download.coordinator:_forward_events:271 ] DownloadCoordinator published event 29: NodeDownloadProgress(event_id='011a9be1-d0db-4312-a60e-622b125b294c' download_progress=DownloadPendi
Feb 14 01:01:35 gremlin-1 exo[1116617]: [ 01:01:35.748 | DEBUG    | exo.master.main:_event_processor:386 ] Master indexing event: NodeDownloadProgress(event_id='011a9be1-d0db-4312-a60e-622b125b294c' download_progress=DownloadPendi
Feb 14 01:01:35 gremlin-1 exo[1116617]: [ 01:01:35.778 | DEBUG    | exo.download.coordinator:_forward_events:271 ] DownloadCoordinator published event 30: NodeDownloadProgress(event_id='9eaba1b4-8736-4228-9f19-d0a9c0212a5d' download_progress=DownloadPendi
Feb 14 01:01:35 gremlin-1 exo[1116617]: [ 01:01:35.779 | DEBUG    | exo.master.main:_event_processor:386 ] Master indexing event: NodeDownloadProgress(event_id='9eaba1b4-8736-4228-9f19-d0a9c0212a5d' download_progress=DownloadPendi
Feb 14 01:01:35 gremlin-1 exo[1116617]: [ 01:01:35.821 | DEBUG    | exo.download.coordinator:_forward_events:271 ] DownloadCoordinator published event 31: NodeDownloadProgress(event_id='18d7b7e6-0492-495c-b7a8-3319aaa42069' download_progress=DownloadPendi
Feb 14 01:01:35 gremlin-1 exo[1116617]: [ 01:01:35.823 | DEBUG    | exo.master.main:_event_processor:386 ] Master indexing event: NodeDownloadProgress(event_id='18d7b7e6-0492-495c-b7a8-3319aaa42069' download_progress=DownloadPendi
Feb 14 01:01:35 gremlin-1 exo[1116617]: [ 01:01:35.867 | DEBUG    | exo.download.coordinator:_forward_events:271 ] DownloadCoordinator published event 32: NodeDownloadProgress(event_id='9e2c6d4e-2681-4f6d-9ffd-38af63bd7f49' download_progress=DownloadPendi
Feb 14 01:01:35 gremlin-1 exo[1116617]: [ 01:01:35.867 | DEBUG    | exo.master.main:_event_processor:386 ] Master indexing event: NodeDownloadProgress(event_id='9e2c6d4e-2681-4f6d-9ffd-38af63bd7f49' download_progress=DownloadPendi
Feb 14 01:01:35 gremlin-1 exo[1116617]: [ 01:01:35.946 | DEBUG    | exo.download.coordinator:_forward_events:271 ] DownloadCoordinator published event 33: NodeDownloadProgress(event_id='3d7b7684-eda2-4c50-844e-373d620d9994' download_progress=DownloadPendi
Feb 14 01:01:35 gremlin-1 exo[1116617]: [ 01:01:35.947 | DEBUG    | exo.download.coordinator:_forward_events:271 ] DownloadCoordinator published event 34: NodeDownloadProgress(event_id='c58d6730-b476-4418-90f8-4ccf8d82aaa4' download_progress=DownloadPendi
Feb 14 01:01:35 gremlin-1 exo[1116617]: [ 01:01:35.947 | DEBUG    | exo.master.main:_event_processor:386 ] Master indexing event: NodeDownloadProgress(event_id='3d7b7684-eda2-4c50-844e-373d620d9994' download_progress=DownloadPendi
Feb 14 01:01:35 gremlin-1 exo[1116617]: [ 01:01:35.950 | DEBUG    | exo.master.main:_event_processor:386 ] Master indexing event: NodeDownloadProgress(event_id='c58d6730-b476-4418-90f8-4ccf8d82aaa4' download_progress=DownloadPendi
Feb 14 01:01:36 gremlin-1 exo[1116617]: [ 01:01:36.018 | DEBUG    | exo.worker.main:_forward_events:339 ] Worker published event 35: NodeGatheredInfo(event_id='f2ef8392-a836-4b84-872e-d5b86c68cedf' node_id='12D3KooWFqJJWdMdMqg7KvrGjx
Feb 14 01:01:36 gremlin-1 exo[1116617]: [ 01:01:36.021 | DEBUG    | exo.master.main:_event_processor:386 ] Master indexing event: NodeGatheredInfo(event_id='f2ef8392-a836-4b84-872e-d5b86c68cedf' node_id='12D3KooWFqJJWdMdMqg7KvrGjx
Feb 14 01:01:36 gremlin-1 exo[1116617]: [ 01:01:36.030 | DEBUG    | exo.download.coordinator:_forward_events:271 ] DownloadCoordinator published event 36: NodeDownloadProgress(event_id='b8459997-5690-45a2-8904-2b6699430a50' download_progress=DownloadCompl
Feb 14 01:01:36 gremlin-1 exo[1116617]: [ 01:01:36.031 | DEBUG    | exo.master.main:_event_processor:386 ] Master indexing event: NodeDownloadProgress(event_id='b8459997-5690-45a2-8904-2b6699430a50' download_progress=DownloadCompl
Feb 14 01:01:36 gremlin-1 exo[1116617]: [ 01:01:36.071 | DEBUG    | exo.download.coordinator:_forward_events:271 ] DownloadCoordinator published event 37: NodeDownloadProgress(event_id='606209f4-e243-46b8-81eb-b05d13867fa9' download_progress=DownloadPendi
Feb 14 01:01:36 gremlin-1 exo[1116617]: [ 01:01:36.072 | DEBUG    | exo.master.main:_event_processor:386 ] Master indexing event: NodeDownloadProgress(event_id='606209f4-e243-46b8-81eb-b05d13867fa9' download_progress=DownloadPendi
Feb 14 01:01:36 gremlin-1 exo[1116617]: [ 01:01:36.151 | DEBUG    | exo.download.coordinator:_forward_events:271 ] DownloadCoordinator published event 38: NodeDownloadProgress(event_id='db9aa807-71bc-4f0c-99d9-2dfb03ee5646' download_progress=DownloadPendi
Feb 14 01:01:36 gremlin-1 exo[1116617]: [ 01:01:36.152 | DEBUG    | exo.master.main:_event_processor:386 ] Master indexing event: NodeDownloadProgress(event_id='db9aa807-71bc-4f0c-99d9-2dfb03ee5646' download_progress=DownloadPendi
Feb 14 01:01:36 gremlin-1 exo[1116617]: [ 01:01:36.177 | DEBUG    | exo.download.coordinator:_forward_events:271 ] DownloadCoordinator published event 39: NodeDownloadProgress(event_id='83200af8-1533-4563-81b7-118539dbe627' download_progress=DownloadPendi
Feb 14 01:01:36 gremlin-1 exo[1116617]: [ 01:01:36.177 | DEBUG    | exo.master.main:_event_processor:386 ] Master indexing event: NodeDownloadProgress(event_id='83200af8-1533-4563-81b7-118539dbe627' download_progress=DownloadPendi
Feb 14 01:01:36 gremlin-1 exo[1116617]: [ 01:01:36.199 | DEBUG    | exo.download.coordinator:_forward_events:271 ] DownloadCoordinator published event 40: NodeDownloadProgress(event_id='3973d1b6-ad66-4f17-ab89-e212b7acbc5c' download_progress=DownloadPendi
Feb 14 01:01:36 gremlin-1 exo[1116617]: [ 01:01:36.200 | DEBUG    | exo.master.main:_event_processor:386 ] Master indexing event: NodeDownloadProgress(event_id='3973d1b6-ad66-4f17-ab89-e212b7acbc5c' download_progress=DownloadPendi
Feb 14 01:01:36 gremlin-1 exo[1116617]: [ 01:01:36.240 | DEBUG    | exo.download.coordinator:_forward_events:271 ] DownloadCoordinator published event 41: NodeDownloadProgress(event_id='7b850f12-c1e6-4d1f-b1c8-225270f1675c' download_progress=DownloadPendi
Feb 14 01:01:36 gremlin-1 exo[1116617]: [ 01:01:36.241 | DEBUG    | exo.master.main:_event_processor:386 ] Master indexing event: NodeDownloadProgress(event_id='7b850f12-c1e6-4d1f-b1c8-225270f1675c' download_progress=DownloadPendi
Feb 14 01:01:36 gremlin-1 exo[1116617]: [ 01:01:36.272 | DEBUG    | exo.download.coordinator:_forward_events:271 ] DownloadCoordinator published event 42: NodeDownloadProgress(event_id='52adb38e-3ac7-4bda-9cfa-422427bc023f' download_progress=DownloadPendi
Feb 14 01:01:36 gremlin-1 exo[1116617]: [ 01:01:36.273 | DEBUG    | exo.master.main:_event_processor:386 ] Master indexing event: NodeDownloadProgress(event_id='52adb38e-3ac7-4bda-9cfa-422427bc023f' download_progress=DownloadPendi
Feb 14 01:01:36 gremlin-1 exo[1116617]: [ 01:01:36.345 | DEBUG    | exo.download.coordinator:_forward_events:271 ] DownloadCoordinator published event 43: NodeDownloadProgress(event_id='adaca737-ce16-4087-b881-b60247836760' download_progress=DownloadPendi
Feb 14 01:01:36 gremlin-1 exo[1116617]: [ 01:01:36.346 | DEBUG    | exo.master.main:_event_processor:386 ] Master indexing event: NodeDownloadProgress(event_id='adaca737-ce16-4087-b881-b60247836760' download_progress=DownloadPendi
Feb 14 01:01:36 gremlin-1 exo[1116617]: [ 01:01:36.378 | DEBUG    | exo.download.coordinator:_forward_events:271 ] DownloadCoordinator published event 44: NodeDownloadProgress(event_id='cfcd7076-e9c0-4827-ac47-ff13f285d125' download_progress=DownloadPendi
Feb 14 01:01:36 gremlin-1 exo[1116617]: [ 01:01:36.379 | DEBUG    | exo.master.main:_event_processor:386 ] Master indexing event: NodeDownloadProgress(event_id='cfcd7076-e9c0-4827-ac47-ff13f285d125' download_progress=DownloadPendi
Feb 14 01:01:36 gremlin-1 exo[1116617]: [ 01:01:36.424 | DEBUG    | exo.download.coordinator:_forward_events:271 ] DownloadCoordinator published event 45: NodeDownloadProgress(event_id='f91178fb-aeb3-4fde-92e7-85b9be189bbd' download_progress=DownloadPendi
Feb 14 01:01:36 gremlin-1 exo[1116617]: [ 01:01:36.426 | DEBUG    | exo.master.main:_event_processor:386 ] Master indexing event: NodeDownloadProgress(event_id='f91178fb-aeb3-4fde-92e7-85b9be189bbd' download_progress=DownloadPendi
Feb 14 01:01:36 gremlin-1 exo[1116617]: [ 01:01:36.465 | DEBUG    | exo.download.coordinator:_forward_events:271 ] DownloadCoordinator published event 46: NodeDownloadProgress(event_id='598e344d-da44-411a-a65b-0b99ddd9d58a' download_progress=DownloadPendi
Feb 14 01:01:36 gremlin-1 exo[1116617]: [ 01:01:36.466 | DEBUG    | exo.download.coordinator:_forward_events:271 ] DownloadCoordinator published event 47: NodeDownloadProgress(event_id='129a8d61-c775-4d16-832c-79ef6a4bc649' download_progress=DownloadPendi
Feb 14 01:01:36 gremlin-1 exo[1116617]: [ 01:01:36.467 | DEBUG    | exo.master.main:_event_processor:386 ] Master indexing event: NodeDownloadProgress(event_id='598e344d-da44-411a-a65b-0b99ddd9d58a' download_progress=DownloadPendi
Feb 14 01:01:36 gremlin-1 exo[1116617]: [ 01:01:36.469 | DEBUG    | exo.master.main:_event_processor:386 ] Master indexing event: NodeDownloadProgress(event_id='129a8d61-c775-4d16-832c-79ef6a4bc649' download_progress=DownloadPendi
Feb 14 01:01:36 gremlin-1 exo[1116617]: [ 01:01:36.539 | DEBUG    | exo.download.coordinator:_forward_events:271 ] DownloadCoordinator published event 48: NodeDownloadProgress(event_id='c8a1cb75-b5d5-42a6-bd66-ada7032bd6c9' download_progress=DownloadPendi
Feb 14 01:01:36 gremlin-1 exo[1116617]: [ 01:01:36.541 | DEBUG    | exo.master.main:_event_processor:386 ] Master indexing event: NodeDownloadProgress(event_id='c8a1cb75-b5d5-42a6-bd66-ada7032bd6c9' download_progress=DownloadPendi
Feb 14 01:01:36 gremlin-1 exo[1116617]: [ 01:01:36.582 | DEBUG    | exo.download.coordinator:_forward_events:271 ] DownloadCoordinator published event 49: NodeDownloadProgress(event_id='ed893052-fbd2-4b70-90f0-22aca93ec986' download_progress=DownloadPendi
Feb 14 01:01:36 gremlin-1 exo[1116617]: [ 01:01:36.583 | DEBUG    | exo.master.main:_event_processor:386 ] Master indexing event: NodeDownloadProgress(event_id='ed893052-fbd2-4b70-90f0-22aca93ec986' download_progress=DownloadPendi
Feb 14 01:01:36 gremlin-1 exo[1116617]: [ 01:01:36.636 | DEBUG    | exo.download.coordinator:_forward_events:271 ] DownloadCoordinator published event 50: NodeDownloadProgress(event_id='d4446e18-abf0-4122-ad4f-7e8a61da6d72' download_progress=DownloadPendi
Feb 14 01:01:36 gremlin-1 exo[1116617]: [ 01:01:36.637 | DEBUG    | exo.master.main:_event_processor:386 ] Master indexing event: NodeDownloadProgress(event_id='d4446e18-abf0-4122-ad4f-7e8a61da6d72' download_progress=DownloadPendi
Feb 14 01:01:36 gremlin-1 exo[1116617]: [ 01:01:36.687 | DEBUG    | exo.download.coordinator:_forward_events:271 ] DownloadCoordinator published event 51: NodeDownloadProgress(event_id='08fa6d50-c562-460d-ac80-5e78408968f9' download_progress=DownloadPendi
Feb 14 01:01:36 gremlin-1 exo[1116617]: [ 01:01:36.688 | DEBUG    | exo.master.main:_event_processor:386 ] Master indexing event: NodeDownloadProgress(event_id='08fa6d50-c562-460d-ac80-5e78408968f9' download_progress=DownloadPendi
Feb 14 01:01:36 gremlin-1 exo[1116617]: [ 01:01:36.713 | DEBUG    | exo.download.coordinator:_forward_events:271 ] DownloadCoordinator published event 52: NodeDownloadProgress(event_id='08a02f2f-531a-4315-9520-e5e1f76b058c' download_progress=DownloadPendi
Feb 14 01:01:36 gremlin-1 exo[1116617]: [ 01:01:36.714 | DEBUG    | exo.master.main:_event_processor:386 ] Master indexing event: NodeDownloadProgress(event_id='08a02f2f-531a-4315-9520-e5e1f76b058c' download_progress=DownloadPendi
Feb 14 01:01:36 gremlin-1 exo[1116617]: [ 01:01:36.750 | DEBUG    | exo.download.coordinator:_forward_events:271 ] DownloadCoordinator published event 53: NodeDownloadProgress(event_id='2b462a0f-747d-452b-b976-4912f7de37b2' download_progress=DownloadPendi
Feb 14 01:01:36 gremlin-1 exo[1116617]: [ 01:01:36.750 | DEBUG    | exo.master.main:_event_processor:386 ] Master indexing event: NodeDownloadProgress(event_id='2b462a0f-747d-452b-b976-4912f7de37b2' download_progress=DownloadPendi
Feb 14 01:01:36 gremlin-1 exo[1116617]: [ 01:01:36.796 | DEBUG    | exo.download.coordinator:_forward_events:271 ] DownloadCoordinator published event 54: NodeDownloadProgress(event_id='4d84a975-620f-49c1-b654-45b9e125dd7f' download_progress=DownloadPendi
Feb 14 01:01:36 gremlin-1 exo[1116617]: [ 01:01:36.797 | DEBUG    | exo.master.main:_event_processor:386 ] Master indexing event: NodeDownloadProgress(event_id='4d84a975-620f-49c1-b654-45b9e125dd7f' download_progress=DownloadPendi
Feb 14 01:01:36 gremlin-1 exo[1116617]: [ 01:01:36.806 | DEBUG    | exo.download.coordinator:_forward_events:271 ] DownloadCoordinator published event 55: NodeDownloadProgress(event_id='73e3d615-89c4-4411-a1e7-2aaf99d16b6d' download_progress=DownloadPendi
Feb 14 01:01:36 gremlin-1 exo[1116617]: [ 01:01:36.807 | DEBUG    | exo.master.main:_event_processor:386 ] Master indexing event: NodeDownloadProgress(event_id='73e3d615-89c4-4411-a1e7-2aaf99d16b6d' download_progress=DownloadPendi
Feb 14 01:01:36 gremlin-1 exo[1116617]: [ 01:01:36.819 | DEBUG    | exo.download.coordinator:_forward_events:271 ] DownloadCoordinator published event 56: NodeDownloadProgress(event_id='a0ffa2f6-07d1-4157-9ed7-9b3e03e001e7' download_progress=DownloadPendi
Feb 14 01:01:36 gremlin-1 exo[1116617]: [ 01:01:36.821 | DEBUG    | exo.master.main:_event_processor:386 ] Master indexing event: NodeDownloadProgress(event_id='a0ffa2f6-07d1-4157-9ed7-9b3e03e001e7' download_progress=DownloadPendi
Feb 14 01:01:36 gremlin-1 exo[1116617]: [ 01:01:36.830 | DEBUG    | exo.download.coordinator:_forward_events:271 ] DownloadCoordinator published event 57: NodeDownloadProgress(event_id='48549936-5a4c-4d18-bd64-b474afe114c0' download_progress=DownloadPendi
Feb 14 01:01:36 gremlin-1 exo[1116617]: [ 01:01:36.831 | DEBUG    | exo.master.main:_event_processor:386 ] Master indexing event: NodeDownloadProgress(event_id='48549936-5a4c-4d18-bd64-b474afe114c0' download_progress=DownloadPendi
Feb 14 01:01:36 gremlin-1 exo[1116617]: [ 01:01:36.853 | DEBUG    | exo.download.coordinator:_forward_events:271 ] DownloadCoordinator published event 58: NodeDownloadProgress(event_id='cf096b10-c17d-436d-bf38-61f7be9ff596' download_progress=DownloadPendi
Feb 14 01:01:36 gremlin-1 exo[1116617]: [ 01:01:36.854 | DEBUG    | exo.master.main:_event_processor:386 ] Master indexing event: NodeDownloadProgress(event_id='cf096b10-c17d-436d-bf38-61f7be9ff596' download_progress=DownloadPendi
Feb 14 01:01:36 gremlin-1 exo[1116617]: [ 01:01:36.901 | DEBUG    | exo.download.coordinator:_forward_events:271 ] DownloadCoordinator published event 59: NodeDownloadProgress(event_id='bc3fb366-9031-4673-b9d3-4ebfec5f0bab' download_progress=DownloadCompl
Feb 14 01:01:36 gremlin-1 exo[1116617]: [ 01:01:36.902 | DEBUG    | exo.master.main:_event_processor:386 ] Master indexing event: NodeDownloadProgress(event_id='bc3fb366-9031-4673-b9d3-4ebfec5f0bab' download_progress=DownloadCompl
Feb 14 01:01:36 gremlin-1 exo[1116617]: [ 01:01:36.919 | DEBUG    | exo.download.coordinator:_forward_events:271 ] DownloadCoordinator published event 60: NodeDownloadProgress(event_id='b789c5d6-6c97-4b09-8e24-fa476083a323' download_progress=DownloadPendi
Feb 14 01:01:36 gremlin-1 exo[1116617]: [ 01:01:36.920 | DEBUG    | exo.master.main:_event_processor:386 ] Master indexing event: NodeDownloadProgress(event_id='b789c5d6-6c97-4b09-8e24-fa476083a323' download_progress=DownloadPendi
Feb 14 01:01:37 gremlin-1 exo[1116617]: [ 01:01:37.018 | DEBUG    | exo.worker.main:_forward_events:339 ] Worker published event 61: NodeGatheredInfo(event_id='6d6baeac-8ac2-4714-898d-4f7b3e348146' node_id='12D3KooWFqJJWdMdMqg7KvrGjx
Feb 14 01:01:37 gremlin-1 exo[1116617]: [ 01:01:37.019 | DEBUG    | exo.master.main:_event_processor:386 ] Master indexing event: NodeGatheredInfo(event_id='6d6baeac-8ac2-4714-898d-4f7b3e348146' node_id='12D3KooWFqJJWdMdMqg7KvrGjx
Feb 14 01:01:37 gremlin-1 exo[1116617]: [ 01:01:37.171 | DEBUG    | exo.download.coordinator:_emit_existing_download_progress:312 ] DownloadCoordinator: Done emitting existing download progress.
Feb 14 01:01:37 gremlin-1 exo[1116617]: [ 01:01:37.172 | DEBUG    | exo.download.coordinator:_forward_events:271 ] DownloadCoordinator published event 62: NodeDownloadProgress(event_id='9989b867-9e4c-44f3-b49d-ff7baadd255f' download_progress=DownloadCompl
Feb 14 01:01:37 gremlin-1 exo[1116617]: [ 01:01:37.172 | DEBUG    | exo.master.main:_event_processor:386 ] Master indexing event: NodeDownloadProgress(event_id='9989b867-9e4c-44f3-b49d-ff7baadd255f' download_progress=DownloadCompl
Feb 14 01:01:38 gremlin-1 exo[1116617]: [ 01:01:38.019 | DEBUG    | exo.worker.main:_forward_events:339 ] Worker published event 63: NodeGatheredInfo(event_id='c51b0ccb-07fe-4872-8b5c-1ac908a5f91e' node_id='12D3KooWFqJJWdMdMqg7KvrGjx
Feb 14 01:01:38 gremlin-1 exo[1116617]: [ 01:01:38.020 | DEBUG    | exo.master.main:_event_processor:386 ] Master indexing event: NodeGatheredInfo(event_id='c51b0ccb-07fe-4872-8b5c-1ac908a5f91e' node_id='12D3KooWFqJJWdMdMqg7KvrGjx
Feb 14 01:01:39 gremlin-1 exo[1116617]: [ 01:01:39.020 | DEBUG    | exo.worker.main:_forward_events:339 ] Worker published event 64: NodeGatheredInfo(event_id='d2617377-62b2-4a7d-808b-ffc9c573097b' node_id='12D3KooWFqJJWdMdMqg7KvrGjx
Feb 14 01:01:39 gremlin-1 exo[1116617]: [ 01:01:39.021 | DEBUG    | exo.master.main:_event_processor:386 ] Master indexing event: NodeGatheredInfo(event_id='d2617377-62b2-4a7d-808b-ffc9c573097b' node_id='12D3KooWFqJJWdMdMqg7KvrGjx
Feb 14 01:01:40 gremlin-1 exo[1116617]: [ 01:01:40.022 | DEBUG    | exo.worker.main:_forward_events:339 ] Worker published event 65: NodeGatheredInfo(event_id='3ce2d1fb-b62c-4e2e-aa22-60ee9a02efb3' node_id='12D3KooWFqJJWdMdMqg7KvrGjx
Feb 14 01:01:40 gremlin-1 exo[1116617]: [ 01:01:40.023 | DEBUG    | exo.master.main:_event_processor:386 ] Master indexing event: NodeGatheredInfo(event_id='3ce2d1fb-b62c-4e2e-aa22-60ee9a02efb3' node_id='12D3KooWFqJJWdMdMqg7KvrGjx
Feb 14 01:01:41 gremlin-1 exo[1116617]: [ 01:01:41.022 | DEBUG    | exo.worker.main:_forward_events:339 ] Worker published event 66: NodeGatheredInfo(event_id='0b366a2e-bdf6-475c-bb5f-3de43d4970f9' node_id='12D3KooWFqJJWdMdMqg7KvrGjx
Feb 14 01:01:41 gremlin-1 exo[1116617]: [ 01:01:41.023 | DEBUG    | exo.master.main:_event_processor:386 ] Master indexing event: NodeGatheredInfo(event_id='0b366a2e-bdf6-475c-bb5f-3de43d4970f9' node_id='12D3KooWFqJJWdMdMqg7KvrGjx
Feb 14 01:01:42 gremlin-1 exo[1116617]: [ 01:01:42.023 | DEBUG    | exo.worker.main:_forward_events:339 ] Worker published event 67: NodeGatheredInfo(event_id='8e49bc92-706f-430a-bc5e-822d45db6762' node_id='12D3KooWFqJJWdMdMqg7KvrGjx
Feb 14 01:01:42 gremlin-1 exo[1116617]: [ 01:01:42.024 | DEBUG    | exo.master.main:_event_processor:386 ] Master indexing event: NodeGatheredInfo(event_id='8e49bc92-706f-430a-bc5e-822d45db6762' node_id='12D3KooWFqJJWdMdMqg7KvrGjx
Feb 14 01:01:43 gremlin-1 exo[1116617]: [ 01:01:43.025 | DEBUG    | exo.worker.main:_forward_events:339 ] Worker published event 68: NodeGatheredInfo(event_id='20a0a9f2-1e7a-4b62-bb02-621326c823de' node_id='12D3KooWFqJJWdMdMqg7KvrGjx
Feb 14 01:01:43 gremlin-1 exo[1116617]: [ 01:01:43.025 | DEBUG    | exo.master.main:_event_processor:386 ] Master indexing event: NodeGatheredInfo(event_id='20a0a9f2-1e7a-4b62-bb02-621326c823de' node_id='12D3KooWFqJJWdMdMqg7KvrGjx
Feb 14 01:01:44 gremlin-1 exo[1116617]: [ 01:01:44.042 | DEBUG    | exo.worker.main:_forward_events:339 ] Worker published event 69: NodeGatheredInfo(event_id='cfcfd411-ca89-47f1-8de5-8784094610c1' node_id='12D3KooWFqJJWdMdMqg7KvrGjx
Feb 14 01:01:44 gremlin-1 exo[1116617]: [ 01:01:44.044 | DEBUG    | exo.worker.main:_forward_events:339 ] Worker published event 70: NodeGatheredInfo(event_id='c6981b7e-5bf9-4fca-b1c4-aa92bff4b9b7' node_id='12D3KooWFqJJWdMdMqg7KvrGjx
Feb 14 01:01:44 gremlin-1 exo[1116617]: [ 01:01:44.046 | DEBUG    | exo.master.main:_event_processor:386 ] Master indexing event: NodeGatheredInfo(event_id='cfcfd411-ca89-47f1-8de5-8784094610c1' node_id='12D3KooWFqJJWdMdMqg7KvrGjx
Feb 14 01:01:44 gremlin-1 exo[1116617]: [ 01:01:44.048 | DEBUG    | exo.master.main:_event_processor:386 ] Master indexing event: NodeGatheredInfo(event_id='c6981b7e-5bf9-4fca-b1c4-aa92bff4b9b7' node_id='12D3KooWFqJJWdMdMqg7KvrGjx
Feb 14 01:01:44 gremlin-1 exo[1116617]: [ 01:01:44.150 | DEBUG    | exo.master.api:_log_requests:199 ] API request: POST /v1/chat/completions
Feb 14 01:01:44 gremlin-1 exo[1116617]: [ 01:01:44.151 | WARNING  | exo.master.api:_trigger_notify_user_to_download_model:615 ] TODO: we should send a notification to the user to download the model
Feb 14 01:01:45 gremlin-1 exo[1116617]: [ 01:01:45.042 | DEBUG    | exo.worker.main:_forward_events:339 ] Worker published event 71: NodeGatheredInfo(event_id='f4d4a548-8995-4b73-97c0-1b05648d2e63' node_id='12D3KooWFqJJWdMdMqg7KvrGjx
Feb 14 01:01:45 gremlin-1 exo[1116617]: [ 01:01:45.043 | DEBUG    | exo.master.main:_event_processor:386 ] Master indexing event: NodeGatheredInfo(event_id='f4d4a548-8995-4b73-97c0-1b05648d2e63' node_id='12D3KooWFqJJWdMdMqg7KvrGjx
Feb 14 01:01:46 gremlin-1 exo[1116617]: [ 01:01:46.043 | DEBUG    | exo.worker.main:_forward_events:339 ] Worker published event 72: NodeGatheredInfo(event_id='d1717921-cb41-4e27-aa4b-1bde05599934' node_id='12D3KooWFqJJWdMdMqg7KvrGjx
Feb 14 01:01:46 gremlin-1 exo[1116617]: [ 01:01:46.043 | DEBUG    | exo.master.main:_event_processor:386 ] Master indexing event: NodeGatheredInfo(event_id='d1717921-cb41-4e27-aa4b-1bde05599934' node_id='12D3KooWFqJJWdMdMqg7KvrGjx
Feb 14 01:01:47 gremlin-1 exo[1116617]: [ 01:01:47.044 | DEBUG    | exo.worker.main:_forward_events:339 ] Worker published event 73: NodeGatheredInfo(event_id='0a90572f-8ffb-4e76-ae9d-9a22a060f351' node_id='12D3KooWFqJJWdMdMqg7KvrGjx
Feb 14 01:01:47 gremlin-1 exo[1116617]: [ 01:01:47.046 | DEBUG    | exo.master.main:_event_processor:386 ] Master indexing event: NodeGatheredInfo(event_id='0a90572f-8ffb-4e76-ae9d-9a22a060f351' node_id='12D3KooWFqJJWdMdMqg7KvrGjx
Feb 14 01:01:48 gremlin-1 exo[1116617]: [ 01:01:48.046 | DEBUG    | exo.worker.main:_forward_events:339 ] Worker published event 74: NodeGatheredInfo(event_id='af3e24ac-c930-4e8d-a57f-b4e5e9991979' node_id='12D3KooWFqJJWdMdMqg7KvrGjx
Feb 14 01:01:48 gremlin-1 exo[1116617]: [ 01:01:48.046 | DEBUG    | exo.master.main:_event_processor:386 ] Master indexing event: NodeGatheredInfo(event_id='af3e24ac-c930-4e8d-a57f-b4e5e9991979' node_id='12D3KooWFqJJWdMdMqg7KvrGjx
Feb 14 01:01:49 gremlin-1 exo[1116617]: [ 01:01:49.047 | DEBUG    | exo.worker.main:_forward_events:339 ] Worker published event 75: NodeGatheredInfo(event_id='752e1d4f-213b-44bb-a566-bd854cd10342' node_id='12D3KooWFqJJWdMdMqg7KvrGjx
Feb 14 01:01:49 gremlin-1 exo[1116617]: [ 01:01:49.048 | DEBUG    | exo.master.main:_event_processor:386 ] Master indexing event: NodeGatheredInfo(event_id='752e1d4f-213b-44bb-a566-bd854cd10342' node_id='12D3KooWFqJJWdMdMqg7KvrGjx
Feb 14 01:01:49 gremlin-1 exo[1116617]: [ 01:01:49.942 | DEBUG    | exo.master.api:_log_requests:199 ] API request: GET /
Feb 14 01:01:50 gremlin-1 exo[1116617]: [ 01:01:50.049 | DEBUG    | exo.worker.main:_forward_events:339 ] Worker published event 76: NodeGatheredInfo(event_id='6dc96e4a-8c6e-4325-8a75-298b73b5f686' node_id='12D3KooWFqJJWdMdMqg7KvrGjx
Feb 14 01:01:50 gremlin-1 exo[1116617]: [ 01:01:50.050 | DEBUG    | exo.master.main:_event_processor:386 ] Master indexing event: NodeGatheredInfo(event_id='6dc96e4a-8c6e-4325-8a75-298b73b5f686' node_id='12D3KooWFqJJWdMdMqg7KvrGjx
Feb 14 01:01:50 gremlin-1 exo[1116617]: [ 01:01:50.144 | DEBUG    | exo.master.api:_log_requests:199 ] API request: GET /state
Feb 14 01:01:50 gremlin-1 exo[1116617]: [ 01:01:50.176 | DEBUG    | exo.master.api:_log_requests:199 ] API request: GET /models
Feb 14 01:01:50 gremlin-1 exo[1116617]: [ 01:01:50.186 | DEBUG    | exo.master.api:_log_requests:199 ] API request: GET /instance/previews
Feb 14 01:01:51 gremlin-1 exo[1116617]: [ 01:01:51.050 | DEBUG    | exo.worker.main:_forward_events:339 ] Worker published event 77: NodeGatheredInfo(event_id='e703e385-f11b-4153-b488-6e181e60e0e3' node_id='12D3KooWFqJJWdMdMqg7KvrGjx
Feb 14 01:01:51 gremlin-1 exo[1116617]: [ 01:01:51.051 | DEBUG    | exo.master.main:_event_processor:386 ] Master indexing event: NodeGatheredInfo(event_id='e703e385-f11b-4153-b488-6e181e60e0e3' node_id='12D3KooWFqJJWdMdMqg7KvrGjx
Feb 14 01:01:51 gremlin-1 exo[1116617]: [ 01:01:51.161 | DEBUG    | exo.master.api:_log_requests:199 ] API request: GET /state
Feb 14 01:01:52 gremlin-1 exo[1116617]: [ 01:01:52.051 | DEBUG    | exo.worker.main:_forward_events:339 ] Worker published event 78: NodeGatheredInfo(event_id='fcbee6bc-6bec-4dc4-aeb2-9973d712fc95' node_id='12D3KooWFqJJWdMdMqg7KvrGjx
Feb 14 01:01:52 gremlin-1 exo[1116617]: [ 01:01:52.052 | DEBUG    | exo.master.main:_event_processor:386 ] Master indexing event: NodeGatheredInfo(event_id='fcbee6bc-6bec-4dc4-aeb2-9973d712fc95' node_id='12D3KooWFqJJWdMdMqg7KvrGjx
Feb 14 01:01:52 gremlin-1 exo[1116617]: [ 01:01:52.167 | DEBUG    | exo.master.api:_log_requests:199 ] API request: GET /state
Feb 14 01:01:53 gremlin-1 exo[1116617]: [ 01:01:53.053 | DEBUG    | exo.worker.main:_forward_events:339 ] Worker published event 79: NodeGatheredInfo(event_id='d2f22add-e2f1-4fee-a0a6-5577d1b4ad8d' node_id='12D3KooWFqJJWdMdMqg7KvrGjx
Feb 14 01:01:53 gremlin-1 exo[1116617]: [ 01:01:53.054 | DEBUG    | exo.master.main:_event_processor:386 ] Master indexing event: NodeGatheredInfo(event_id='d2f22add-e2f1-4fee-a0a6-5577d1b4ad8d' node_id='12D3KooWFqJJWdMdMqg7KvrGjx
Feb 14 01:01:53 gremlin-1 exo[1116617]: [ 01:01:53.167 | DEBUG    | exo.master.api:_log_requests:199 ] API request: GET /state
Feb 14 01:01:54 gremlin-1 exo[1116617]: [ 01:01:54.065 | DEBUG    | exo.worker.main:_forward_events:339 ] Worker published event 80: NodeGatheredInfo(event_id='d19479c3-775e-4a72-a575-a56839fe024b' node_id='12D3KooWFqJJWdMdMqg7KvrGjx
Feb 14 01:01:54 gremlin-1 exo[1116617]: [ 01:01:54.067 | DEBUG    | exo.worker.main:_forward_events:339 ] Worker published event 81: NodeGatheredInfo(event_id='98fb59c4-8c04-4ca9-af0c-398a92489f51' node_id='12D3KooWFqJJWdMdMqg7KvrGjx
Feb 14 01:01:54 gremlin-1 exo[1116617]: [ 01:01:54.069 | DEBUG    | exo.master.main:_event_processor:386 ] Master indexing event: NodeGatheredInfo(event_id='d19479c3-775e-4a72-a575-a56839fe024b' node_id='12D3KooWFqJJWdMdMqg7KvrGjx
Feb 14 01:01:54 gremlin-1 exo[1116617]: [ 01:01:54.071 | DEBUG    | exo.master.main:_event_processor:386 ] Master indexing event: NodeGatheredInfo(event_id='98fb59c4-8c04-4ca9-af0c-398a92489f51' node_id='12D3KooWFqJJWdMdMqg7KvrGjx
Feb 14 01:01:54 gremlin-1 exo[1116617]: [ 01:01:54.168 | DEBUG    | exo.master.api:_log_requests:199 ] API request: GET /state
Feb 14 01:01:55 gremlin-1 exo[1116617]: [ 01:01:55.066 | DEBUG    | exo.worker.main:_forward_events:339 ] Worker published event 82: NodeGatheredInfo(event_id='f89a21eb-9caf-4d90-a20b-b6fe96995e46' node_id='12D3KooWFqJJWdMdMqg7KvrGjx
Feb 14 01:01:55 gremlin-1 exo[1116617]: [ 01:01:55.066 | DEBUG    | exo.master.main:_event_processor:386 ] Master indexing event: NodeGatheredInfo(event_id='f89a21eb-9caf-4d90-a20b-b6fe96995e46' node_id='12D3KooWFqJJWdMdMqg7KvrGjx
Feb 14 01:01:55 gremlin-1 exo[1116617]: [ 01:01:55.182 | DEBUG    | exo.master.api:_log_requests:199 ] API request: POST /instance
Feb 14 01:01:55 gremlin-1 exo[1116617]: [ 01:01:55.186 | INFO     | exo.master.main:_command_processor:120 ] Executing command: CreateInstance(command_id='99532489-b775-4378-8197-bc2855bf426e' instance=TinygradRingInstance(instance_id='4197d95c-12b9-448f-8d88-f088edb7b935', shard_assignments=ShardAssignments(model_id='meta-llama/Llama-3.2-3B-Instruct', runner_to_shard={'bdadf40d-7810-4533-9723-853039ef5936': PipelineShardMetadata(model_card=ModelCard(model_id='meta-llama/Llama-3.2-3B-Instruct', storage_size=Memory(in_bytes=6425499648), n_layers=28, hidden_size=3072, supports_tensor=True, tasks=[<ModelTask.TextGeneration: 'TextGeneration'>], components=None, family='', quantization='', base_model='', capabilities=[], uses_cfg=False), device_rank=0, world_size=1, immediate_exception=False, should_timeout=None, start_layer=0, end_layer=28, n_layers=28)}, node_to_runner={'12D3KooWFqJJWdMdMqg7KvrGjxbVsQDJoZVLowt7DVkf4558y9RT': 'bdadf40d-7810-4533-9723-853039ef5936'}), hosts_by_node={'12D3KooWFqJJWdMdMqg7KvrGjxbVsQDJoZVLowt7DVkf4558y9RT': [Host(ip='0.0.0.0', port=55869)]}, ephemeral_port=55869))
Feb 14 01:01:55 gremlin-1 exo[1116617]: [ 01:01:55.187 | DEBUG    | exo.master.main:_event_processor:386 ] Master indexing event: InstanceCreated(event_id='35788469-cdb6-4e02-b6d7-29e93a5db59d' instance=TinygradRingInstance(instan
Feb 14 01:01:55 gremlin-1 exo[1116617]: [ 01:01:55.189 | DEBUG    | exo.master.api:_log_requests:199 ] API request: GET /state
Feb 14 01:01:55 gremlin-1 exo[1116617]: [ 01:01:55.274 | INFO     | exo.worker.main:plan_step:186 ] Worker plan: CreateRunner
Feb 14 01:01:55 gremlin-1 exo[1116617]: [ 01:01:55.277 | DEBUG    | exo.worker.main:_forward_events:339 ] Worker published event 83: TaskCreated(event_id='af675e31-e066-4117-a785-8431bcc6b6c9' task_id='0f0709de-ffda-4bf9-b3d7-f099fc6
Feb 14 01:01:55 gremlin-1 exo[1116617]: ╔═══════════════════════════════════════════════════════════════════════╗
Feb 14 01:01:55 gremlin-1 exo[1116617]: ║                                                                       ║
Feb 14 01:01:55 gremlin-1 exo[1116617]: ║   ███████╗██╗  ██╗ ██████╗                                            ║
Feb 14 01:01:55 gremlin-1 exo[1116617]: ║   ██╔════╝╚██╗██╔╝██╔═══██╗                                           ║
Feb 14 01:01:55 gremlin-1 exo[1116617]: ║   █████╗   ╚███╔╝ ██║   ██║                                           ║
Feb 14 01:01:55 gremlin-1 exo[1116617]: ║   ██╔══╝   ██╔██╗ ██║   ██║                                           ║
Feb 14 01:01:55 gremlin-1 exo[1116617]: ║   ███████╗██╔╝ ██╗╚██████╔╝                                           ║
Feb 14 01:01:55 gremlin-1 exo[1116617]: ║   ╚══════╝╚═╝  ╚═╝ ╚═════╝                                            ║
Feb 14 01:01:55 gremlin-1 exo[1116617]: ║                                                                       ║
Feb 14 01:01:55 gremlin-1 exo[1116617]: ║   Distributed AI Inference Cluster                                    ║
Feb 14 01:01:55 gremlin-1 exo[1116617]: ║                                                                       ║
Feb 14 01:01:55 gremlin-1 exo[1116617]: ╚═══════════════════════════════════════════════════════════════════════╝
Feb 14 01:01:55 gremlin-1 exo[1116617]: ╔═══════════════════════════════════════════════════════════════════════╗
Feb 14 01:01:55 gremlin-1 exo[1116617]: ║                                                                       ║
Feb 14 01:01:55 gremlin-1 exo[1116617]: ║  🌐 Dashboard & API Ready                                             ║
Feb 14 01:01:55 gremlin-1 exo[1116617]: ║                                                                       ║
Feb 14 01:01:55 gremlin-1 exo[1116617]: ║  http://localhost:52415                                               ║
Feb 14 01:01:55 gremlin-1 exo[1116617]: ║                                                                       ║
Feb 14 01:01:55 gremlin-1 exo[1116617]: ║  Click the URL above to open the dashboard in your browser            ║
Feb 14 01:01:55 gremlin-1 exo[1116617]: ║                                                                       ║
Feb 14 01:01:55 gremlin-1 exo[1116617]: ╚═══════════════════════════════════════════════════════════════════════╝
Feb 14 01:01:55 gremlin-1 exo[1116617]: [ 01:01:55.280 | DEBUG    | exo.worker.main:_forward_events:339 ] Worker published event 84: TaskStatusUpdated(event_id='452609b2-d6b8-4c08-8645-318033089efa' task_id='0f0709de-ffda-4bf9-b3d7-f
Feb 14 01:01:55 gremlin-1 exo[1116617]: [ 01:01:55.281 | DEBUG    | exo.master.main:_event_processor:386 ] Master indexing event: TaskCreated(event_id='af675e31-e066-4117-a785-8431bcc6b6c9' task_id='0f0709de-ffda-4bf9-b3d7-f099fc6
Feb 14 01:01:55 gremlin-1 exo[1116617]: [ 01:01:55.281 | DEBUG    | exo.master.main:_event_processor:386 ] Master indexing event: TaskStatusUpdated(event_id='452609b2-d6b8-4c08-8645-318033089efa' task_id='0f0709de-ffda-4bf9-b3d7-f
Feb 14 01:01:55 gremlin-1 exo[1116617]: [ 01:01:55.381 | INFO     | exo.worker.main:plan_step:186 ] Worker plan: LoadModel
Feb 14 01:01:55 gremlin-1 exo[1116617]: [ 01:01:55.382 | INFO     | exo.worker.runner.runner_supervisor:start_task:134 ] Starting task LoadModel(task_id='1682857f-0568-494f-bd3a-0200a5cbc875' task_status=<TaskStatus.Pending: 'Pending'> instance_id='4197d95c-12b9-448f-8d88-f088edb7b935')
Feb 14 01:01:55 gremlin-1 exo[1116617]: [ 01:01:55.382 | DEBUG    | exo.worker.main:_forward_events:339 ] Worker published event 85: TaskCreated(event_id='3556a9e7-5995-42fa-b0a6-32c30f7f1104' task_id='1682857f-0568-494f-bd3a-0200a5c
Feb 14 01:01:55 gremlin-1 exo[1116617]: [ 01:01:55.384 | DEBUG    | exo.master.main:_event_processor:386 ] Master indexing event: TaskCreated(event_id='3556a9e7-5995-42fa-b0a6-32c30f7f1104' task_id='1682857f-0568-494f-bd3a-0200a5c
Feb 14 01:01:56 gremlin-1 exo[1116617]: [ 01:01:56.066 | DEBUG    | exo.worker.main:_forward_events:339 ] Worker published event 86: NodeGatheredInfo(event_id='ae31a968-2217-43ac-8250-d339d99c88ed' node_id='12D3KooWFqJJWdMdMqg7KvrGjx
Feb 14 01:01:56 gremlin-1 exo[1116617]: [ 01:01:56.067 | DEBUG    | exo.master.main:_event_processor:386 ] Master indexing event: NodeGatheredInfo(event_id='ae31a968-2217-43ac-8250-d339d99c88ed' node_id='12D3KooWFqJJWdMdMqg7KvrGjx
Feb 14 01:01:56 gremlin-1 exo[1116617]: [ 01:01:56.189 | DEBUG    | exo.master.api:_log_requests:199 ] API request: GET /state
Feb 14 01:01:56 gremlin-1 exo[1116617]: [ 01:01:56.560 | INFO     | exo.worker.runner.bootstrap:entrypoint:38 ] Device selection: GPU with OpenCL runtime (forced via environment)
Feb 14 01:01:56 gremlin-1 exo[1116617]: [ 01:01:56.561 | INFO     | exo.worker.runner.bootstrap:entrypoint:115 ] Tinygrad backend: GPU
Feb 14 01:01:56 gremlin-1 exo[1116617]: [ 01:01:56.685 | INFO     | exo.worker.runner.runner:main:119 ] hello from the runner
Feb 14 01:01:56 gremlin-1 exo[1116617]: [ 01:01:56.686 | INFO     | exo.worker.runner.runner:main:138 ] Using Tinygrad backend for TinygradRingInstance (type: TinygradRingInstance)
Feb 14 01:01:56 gremlin-1 exo[1116617]: [ 01:01:56.693 | INFO     | exo.worker.runner.runner:main:146 ] Tinygrad backend modules loaded
Feb 14 01:01:56 gremlin-1 exo[1116617]: [ 01:01:56.694 | INFO     | exo.worker.runner.runner:main:209 ] runner created
Feb 14 01:01:56 gremlin-1 exo[1116617]: [ 01:01:56.695 | INFO     | exo.worker.runner.runner:main:244 ] runner loading
Feb 14 01:01:56 gremlin-1 exo[1116617]: [ 01:01:56.695 | INFO     | exo.worker.runner.runner:main:289 ] Loading tinygrad model on GPU (GPU (OpenCL), runtime=OPENCL)
Feb 14 01:01:56 gremlin-1 exo[1117701]: 2026-02-14 01:01:56.696 | DEBUG    | exo.download.download_utils:download_shard:685 - Downloading shard.model_card.model_id='meta-llama/Llama-3.2-3B-Instruct'
Feb 14 01:01:56 gremlin-1 exo[1116617]: [ 01:01:56.696 | DEBUG    | exo.worker.main:_forward_events:339 ] Worker published event 87: RunnerStatusUpdated(event_id='84438124-7ee7-405b-b6e6-82778f22c869' runner_id='bdadf40d-7810-4533-97
Feb 14 01:01:56 gremlin-1 exo[1117701]: 2026-02-14 01:01:56.697 | DEBUG    | exo.download.download_utils:download_shard:698 - Downloading shard.model_card.model_id='meta-llama/Llama-3.2-3B-Instruct' with allow_patterns=['*']
Feb 14 01:01:56 gremlin-1 exo[1116617]: [ 01:01:56.697 | DEBUG    | exo.master.main:_event_processor:386 ] Master indexing event: RunnerStatusUpdated(event_id='84438124-7ee7-405b-b6e6-82778f22c869' runner_id='bdadf40d-7810-4533-97
Feb 14 01:01:56 gremlin-1 exo[1116617]: [ 01:01:56.700 | DEBUG    | exo.worker.main:_forward_events:339 ] Worker published event 88: TaskStatusUpdated(event_id='32575ab7-b95f-4e6c-bfa7-2ec19d81e6fd' task_id='1682857f-0568-494f-bd3a-0
Feb 14 01:01:56 gremlin-1 exo[1116617]: [ 01:01:56.700 | DEBUG    | exo.master.main:_event_processor:386 ] Master indexing event: TaskStatusUpdated(event_id='32575ab7-b95f-4e6c-bfa7-2ec19d81e6fd' task_id='1682857f-0568-494f-bd3a-0
Feb 14 01:01:56 gremlin-1 exo[1116617]: [ 01:01:56.702 | DEBUG    | exo.worker.main:_forward_events:339 ] Worker published event 89: RunnerStatusUpdated(event_id='dc70bf5f-79d5-4371-a71c-5d9e1e2690bf' runner_id='bdadf40d-7810-4533-97
Feb 14 01:01:56 gremlin-1 exo[1116617]: [ 01:01:56.702 | DEBUG    | exo.master.main:_event_processor:386 ] Master indexing event: RunnerStatusUpdated(event_id='dc70bf5f-79d5-4371-a71c-5d9e1e2690bf' runner_id='bdadf40d-7810-4533-97
Feb 14 01:01:57 gremlin-1 exo[1116617]: [ 01:01:57.067 | DEBUG    | exo.worker.main:_forward_events:339 ] Worker published event 90: NodeGatheredInfo(event_id='a7b3b2d0-b3bd-4195-be7e-674edbb9cad4' node_id='12D3KooWFqJJWdMdMqg7KvrGjx
Feb 14 01:01:57 gremlin-1 exo[1116617]: [ 01:01:57.068 | DEBUG    | exo.master.main:_event_processor:386 ] Master indexing event: NodeGatheredInfo(event_id='a7b3b2d0-b3bd-4195-be7e-674edbb9cad4' node_id='12D3KooWFqJJWdMdMqg7KvrGjx
Feb 14 01:01:57 gremlin-1 exo[1116617]: [ 01:01:57.206 | DEBUG    | exo.master.api:_log_requests:199 ] API request: GET /state
Feb 14 01:01:57 gremlin-1 exo[1117701]: 2026-02-14 01:01:57.373 | INFO     | exo.worker.engines.tinygrad.model_loader:load_tinygrad_model:69 - Loading tinygrad model
Feb 14 01:01:58 gremlin-1 exo[1116617]: [ 01:01:58.068 | DEBUG    | exo.worker.main:_forward_events:339 ] Worker published event 91: NodeGatheredInfo(event_id='97d17a99-03f6-4a96-bdef-bb8dbb6ff503' node_id='12D3KooWFqJJWdMdMqg7KvrGjx
Feb 14 01:01:58 gremlin-1 exo[1116617]: [ 01:01:58.070 | DEBUG    | exo.master.main:_event_processor:386 ] Master indexing event: NodeGatheredInfo(event_id='97d17a99-03f6-4a96-bdef-bb8dbb6ff503' node_id='12D3KooWFqJJWdMdMqg7KvrGjx
Feb 14 01:01:58 gremlin-1 exo[1116617]: [ 01:01:58.207 | DEBUG    | exo.master.api:_log_requests:199 ] API request: GET /state
Feb 14 01:01:58 gremlin-1 exo[1117701]: None of PyTorch, TensorFlow >= 2.0, or Flax have been found. Models won't be available and only tokenizers, configuration and file/data utilities can be used.
Feb 14 01:01:58 gremlin-1 exo[1117701]: 2026-02-14 01:01:58.841 | DEBUG    | exo.worker.engines.tinygrad.model_loader:_load_tokenizer:117 - Loading tokenizer from /root/.local/share/exo/models/meta-llama--Llama-3.2-3B-Instruct
Feb 14 01:01:59 gremlin-1 exo[1116617]: [ 01:01:59.070 | DEBUG    | exo.worker.main:_forward_events:339 ] Worker published event 92: NodeGatheredInfo(event_id='5f0ccfa5-8bd8-4a84-bbf2-c987ab8eaf3e' node_id='12D3KooWFqJJWdMdMqg7KvrGjx
Feb 14 01:01:59 gremlin-1 exo[1116617]: [ 01:01:59.071 | DEBUG    | exo.master.main:_event_processor:386 ] Master indexing event: NodeGatheredInfo(event_id='5f0ccfa5-8bd8-4a84-bbf2-c987ab8eaf3e' node_id='12D3KooWFqJJWdMdMqg7KvrGjx
Feb 14 01:01:59 gremlin-1 exo[1116617]: [ 01:01:59.206 | DEBUG    | exo.master.api:_log_requests:199 ] API request: GET /state
Feb 14 01:01:59 gremlin-1 exo[1117701]: 2026-02-14 01:01:59.369 | INFO     | exo.worker.engines.tinygrad.model_loader:_load_tokenizer:122 - Tokenizer loaded
Feb 14 01:01:59 gremlin-1 exo[1117701]: 2026-02-14 01:01:59.370 | DEBUG    | exo.worker.engines.tinygrad.model_loader:_load_model_weights_sync:180 - Loading model weights
Feb 14 01:01:59 gremlin-1 exo[1117701]: 2026-02-14 01:01:59.370 | DEBUG    | exo.worker.engines.tinygrad.model_loader:_load_model_weights_sync:195 - Loading weights from /root/.local/share/exo/models/meta-llama--Llama-3.2-3B-Instruct/model.safetensors.index.json
Feb 14 01:01:59 gremlin-1 exo[1117701]: 2026-02-14 01:01:59.374 | INFO     | exo.worker.engines.tinygrad.llama_transformer:load_sharded_weights:2594 - Loading sharded model
Feb 14 01:01:59 gremlin-1 exo[1117701]: 2026-02-14 01:01:59.375 | INFO     | exo.worker.engines.tinygrad.llama_transformer:load_sharded_weights:2615 - Found 2 shard files
Feb 14 01:01:59 gremlin-1 exo[1117701]: 2026-02-14 01:01:59.375 | DEBUG    | exo.worker.engines.tinygrad.llama_transformer:load_sharded_weights:2631 - Loading shard 1/2
Feb 14 01:02:00 gremlin-1 exo[1116617]: [ 01:02:00.071 | DEBUG    | exo.worker.main:_forward_events:339 ] Worker published event 93: NodeGatheredInfo(event_id='6ed89921-fdb5-41cd-8cfe-148aba3b4867' node_id='12D3KooWFqJJWdMdMqg7KvrGjx
Feb 14 01:02:00 gremlin-1 exo[1116617]: [ 01:02:00.073 | DEBUG    | exo.master.main:_event_processor:386 ] Master indexing event: NodeGatheredInfo(event_id='6ed89921-fdb5-41cd-8cfe-148aba3b4867' node_id='12D3KooWFqJJWdMdMqg7KvrGjx
Feb 14 01:02:00 gremlin-1 exo[1116617]: [ 01:02:00.206 | DEBUG    | exo.master.api:_log_requests:199 ] API request: GET /state
Feb 14 01:02:00 gremlin-1 exo[1117701]: 2026-02-14 01:02:00.606 | DEBUG    | exo.worker.engines.tinygrad.model_loader:_load_single_safetensors:381 - Converted model.embed_tokens.weight from bfloat16 to float32
Feb 14 01:02:00 gremlin-1 exo[1117701]: 2026-02-14 01:02:00.690 | DEBUG    | exo.worker.engines.tinygrad.model_loader:_load_single_safetensors:381 - Converted model.layers.0.input_layernorm.weight from bfloat16 to float32
Feb 14 01:02:00 gremlin-1 exo[1117701]: 2026-02-14 01:02:00.768 | DEBUG    | exo.worker.engines.tinygrad.model_loader:_load_single_safetensors:381 - Converted model.layers.0.mlp.down_proj.weight from bfloat16 to float32
Feb 14 01:02:00 gremlin-1 exo[1117701]: 2026-02-14 01:02:00.851 | DEBUG    | exo.worker.engines.tinygrad.model_loader:_load_single_safetensors:381 - Converted model.layers.0.mlp.gate_proj.weight from bfloat16 to float32
Feb 14 01:02:00 gremlin-1 exo[1117701]: 2026-02-14 01:02:00.932 | DEBUG    | exo.worker.engines.tinygrad.model_loader:_load_single_safetensors:381 - Converted model.layers.0.mlp.up_proj.weight from bfloat16 to float32
Feb 14 01:02:00 gremlin-1 exo[1117701]: 2026-02-14 01:02:00.937 | DEBUG    | exo.worker.engines.tinygrad.model_loader:_load_single_safetensors:381 - Converted model.layers.0.post_attention_layernorm.weight from bfloat16 to float32
Feb 14 01:02:00 gremlin-1 exo[1117701]: 2026-02-14 01:02:00.948 | DEBUG    | exo.worker.engines.tinygrad.model_loader:_load_single_safetensors:381 - Converted model.layers.0.self_attn.k_proj.weight from bfloat16 to float32
Feb 14 01:02:00 gremlin-1 exo[1117701]: 2026-02-14 01:02:00.976 | DEBUG    | exo.worker.engines.tinygrad.model_loader:_load_single_safetensors:381 - Converted model.layers.0.self_attn.o_proj.weight from bfloat16 to float32
Feb 14 01:02:01 gremlin-1 exo[1117701]: 2026-02-14 01:02:01.009 | DEBUG    | exo.worker.engines.tinygrad.model_loader:_load_single_safetensors:381 - Converted model.layers.0.self_attn.q_proj.weight from bfloat16 to float32
Feb 14 01:02:01 gremlin-1 exo[1117701]: 2026-02-14 01:02:01.015 | DEBUG    | exo.worker.engines.tinygrad.model_loader:_load_single_safetensors:381 - Converted model.layers.0.self_attn.v_proj.weight from bfloat16 to float32
Feb 14 01:02:01 gremlin-1 exo[1117701]: 2026-02-14 01:02:01.015 | DEBUG    | exo.worker.engines.tinygrad.model_loader:_load_single_safetensors:381 - Converted model.layers.1.input_layernorm.weight from bfloat16 to float32
Feb 14 01:02:01 gremlin-1 exo[1116617]: [ 01:02:01.074 | DEBUG    | exo.worker.main:_forward_events:339 ] Worker published event 94: NodeGatheredInfo(event_id='d73ce098-cb53-45c3-a9ed-01c179616dbd' node_id='12D3KooWFqJJWdMdMqg7KvrGjx
Feb 14 01:02:01 gremlin-1 exo[1116617]: [ 01:02:01.075 | DEBUG    | exo.master.main:_event_processor:386 ] Master indexing event: NodeGatheredInfo(event_id='d73ce098-cb53-45c3-a9ed-01c179616dbd' node_id='12D3KooWFqJJWdMdMqg7KvrGjx
Feb 14 01:02:01 gremlin-1 exo[1117701]: 2026-02-14 01:02:01.092 | DEBUG    | exo.worker.engines.tinygrad.model_loader:_load_single_safetensors:381 - Converted model.layers.1.mlp.down_proj.weight from bfloat16 to float32
Feb 14 01:02:01 gremlin-1 exo[1117701]: 2026-02-14 01:02:01.173 | DEBUG    | exo.worker.engines.tinygrad.model_loader:_load_single_safetensors:381 - Converted model.layers.1.mlp.gate_proj.weight from bfloat16 to float32
Feb 14 01:02:01 gremlin-1 exo[1116617]: [ 01:02:01.206 | DEBUG    | exo.master.api:_log_requests:199 ] API request: GET /state
Feb 14 01:02:01 gremlin-1 exo[1117701]: 2026-02-14 01:02:01.247 | DEBUG    | exo.worker.engines.tinygrad.model_loader:_load_single_safetensors:381 - Converted model.layers.1.mlp.up_proj.weight from bfloat16 to float32
Feb 14 01:02:01 gremlin-1 exo[1117701]: 2026-02-14 01:02:01.250 | DEBUG    | exo.worker.engines.tinygrad.model_loader:_load_single_safetensors:381 - Converted model.layers.1.post_attention_layernorm.weight from bfloat16 to float32
Feb 14 01:02:01 gremlin-1 exo[1117701]: 2026-02-14 01:02:01.256 | DEBUG    | exo.worker.engines.tinygrad.model_loader:_load_single_safetensors:381 - Converted model.layers.1.self_attn.k_proj.weight from bfloat16 to float32
Feb 14 01:02:01 gremlin-1 exo[1117701]: 2026-02-14 01:02:01.274 | DEBUG    | exo.worker.engines.tinygrad.model_loader:_load_single_safetensors:381 - Converted model.layers.1.self_attn.o_proj.weight from bfloat16 to float32
Feb 14 01:02:01 gremlin-1 exo[1117701]: 2026-02-14 01:02:01.296 | DEBUG    | exo.worker.engines.tinygrad.model_loader:_load_single_safetensors:381 - Converted model.layers.1.self_attn.q_proj.weight from bfloat16 to float32
Feb 14 01:02:01 gremlin-1 exo[1117701]: 2026-02-14 01:02:01.303 | DEBUG    | exo.worker.engines.tinygrad.model_loader:_load_single_safetensors:381 - Converted model.layers.1.self_attn.v_proj.weight from bfloat16 to float32
Feb 14 01:02:01 gremlin-1 exo[1117701]: 2026-02-14 01:02:01.303 | DEBUG    | exo.worker.engines.tinygrad.model_loader:_load_single_safetensors:381 - Converted model.layers.10.input_layernorm.weight from bfloat16 to float32
Feb 14 01:02:01 gremlin-1 exo[1117701]: 2026-02-14 01:02:01.379 | DEBUG    | exo.worker.engines.tinygrad.model_loader:_load_single_safetensors:381 - Converted model.layers.10.mlp.down_proj.weight from bfloat16 to float32
Feb 14 01:02:01 gremlin-1 exo[1117701]: 2026-02-14 01:02:01.465 | DEBUG    | exo.worker.engines.tinygrad.model_loader:_load_single_safetensors:381 - Converted model.layers.10.mlp.gate_proj.weight from bfloat16 to float32
Feb 14 01:02:01 gremlin-1 exo[1117701]: 2026-02-14 01:02:01.551 | DEBUG    | exo.worker.engines.tinygrad.model_loader:_load_single_safetensors:381 - Converted model.layers.10.mlp.up_proj.weight from bfloat16 to float32
Feb 14 01:02:01 gremlin-1 exo[1117701]: 2026-02-14 01:02:01.556 | DEBUG    | exo.worker.engines.tinygrad.model_loader:_load_single_safetensors:381 - Converted model.layers.10.post_attention_layernorm.weight from bfloat16 to float32
Feb 14 01:02:01 gremlin-1 exo[1117701]: 2026-02-14 01:02:01.563 | DEBUG    | exo.worker.engines.tinygrad.model_loader:_load_single_safetensors:381 - Converted model.layers.10.self_attn.k_proj.weight from bfloat16 to float32
Feb 14 01:02:01 gremlin-1 exo[1117701]: 2026-02-14 01:02:01.594 | DEBUG    | exo.worker.engines.tinygrad.model_loader:_load_single_safetensors:381 - Converted model.layers.10.self_attn.o_proj.weight from bfloat16 to float32
Feb 14 01:02:01 gremlin-1 exo[1117701]: 2026-02-14 01:02:01.625 | DEBUG    | exo.worker.engines.tinygrad.model_loader:_load_single_safetensors:381 - Converted model.layers.10.self_attn.q_proj.weight from bfloat16 to float32
Feb 14 01:02:01 gremlin-1 exo[1117701]: 2026-02-14 01:02:01.631 | DEBUG    | exo.worker.engines.tinygrad.model_loader:_load_single_safetensors:381 - Converted model.layers.10.self_attn.v_proj.weight from bfloat16 to float32
Feb 14 01:02:01 gremlin-1 exo[1117701]: 2026-02-14 01:02:01.631 | DEBUG    | exo.worker.engines.tinygrad.model_loader:_load_single_safetensors:381 - Converted model.layers.11.input_layernorm.weight from bfloat16 to float32
Feb 14 01:02:01 gremlin-1 exo[1117701]: 2026-02-14 01:02:01.706 | DEBUG    | exo.worker.engines.tinygrad.model_loader:_load_single_safetensors:381 - Converted model.layers.11.mlp.down_proj.weight from bfloat16 to float32
Feb 14 01:02:01 gremlin-1 exo[1117701]: 2026-02-14 01:02:01.778 | DEBUG    | exo.worker.engines.tinygrad.model_loader:_load_single_safetensors:381 - Converted model.layers.11.mlp.gate_proj.weight from bfloat16 to float32
Feb 14 01:02:01 gremlin-1 exo[1117701]: 2026-02-14 01:02:01.864 | DEBUG    | exo.worker.engines.tinygrad.model_loader:_load_single_safetensors:381 - Converted model.layers.11.mlp.up_proj.weight from bfloat16 to float32
Feb 14 01:02:01 gremlin-1 exo[1117701]: 2026-02-14 01:02:01.869 | DEBUG    | exo.worker.engines.tinygrad.model_loader:_load_single_safetensors:381 - Converted model.layers.11.post_attention_layernorm.weight from bfloat16 to float32
Feb 14 01:02:01 gremlin-1 exo[1117701]: 2026-02-14 01:02:01.877 | DEBUG    | exo.worker.engines.tinygrad.model_loader:_load_single_safetensors:381 - Converted model.layers.11.self_attn.k_proj.weight from bfloat16 to float32
Feb 14 01:02:01 gremlin-1 exo[1117701]: 2026-02-14 01:02:01.901 | DEBUG    | exo.worker.engines.tinygrad.model_loader:_load_single_safetensors:381 - Converted model.layers.11.self_attn.o_proj.weight from bfloat16 to float32
Feb 14 01:02:01 gremlin-1 exo[1117701]: 2026-02-14 01:02:01.932 | DEBUG    | exo.worker.engines.tinygrad.model_loader:_load_single_safetensors:381 - Converted model.layers.11.self_attn.q_proj.weight from bfloat16 to float32
Feb 14 01:02:01 gremlin-1 exo[1117701]: 2026-02-14 01:02:01.940 | DEBUG    | exo.worker.engines.tinygrad.model_loader:_load_single_safetensors:381 - Converted model.layers.11.self_attn.v_proj.weight from bfloat16 to float32
Feb 14 01:02:01 gremlin-1 exo[1117701]: 2026-02-14 01:02:01.940 | DEBUG    | exo.worker.engines.tinygrad.model_loader:_load_single_safetensors:381 - Converted model.layers.12.input_layernorm.weight from bfloat16 to float32
Feb 14 01:02:02 gremlin-1 exo[1117701]: 2026-02-14 01:02:02.018 | DEBUG    | exo.worker.engines.tinygrad.model_loader:_load_single_safetensors:381 - Converted model.layers.12.mlp.down_proj.weight from bfloat16 to float32
Feb 14 01:02:02 gremlin-1 exo[1116617]: [ 01:02:02.074 | DEBUG    | exo.worker.main:_forward_events:339 ] Worker published event 95: NodeGatheredInfo(event_id='340b3ec0-5d91-4b5d-857d-04d11b584a7c' node_id='12D3KooWFqJJWdMdMqg7KvrGjx
Feb 14 01:02:02 gremlin-1 exo[1116617]: [ 01:02:02.075 | DEBUG    | exo.master.main:_event_processor:386 ] Master indexing event: NodeGatheredInfo(event_id='340b3ec0-5d91-4b5d-857d-04d11b584a7c' node_id='12D3KooWFqJJWdMdMqg7KvrGjx
Feb 14 01:02:02 gremlin-1 exo[1117701]: 2026-02-14 01:02:02.114 | DEBUG    | exo.worker.engines.tinygrad.model_loader:_load_single_safetensors:381 - Converted model.layers.12.mlp.gate_proj.weight from bfloat16 to float32
Feb 14 01:02:02 gremlin-1 exo[1116617]: [ 01:02:02.207 | DEBUG    | exo.master.api:_log_requests:199 ] API request: GET /state
Feb 14 01:02:02 gremlin-1 exo[1117701]: 2026-02-14 01:02:02.247 | DEBUG    | exo.worker.engines.tinygrad.model_loader:_load_single_safetensors:381 - Converted model.layers.12.mlp.up_proj.weight from bfloat16 to float32
Feb 14 01:02:02 gremlin-1 exo[1117701]: 2026-02-14 01:02:02.253 | DEBUG    | exo.worker.engines.tinygrad.model_loader:_load_single_safetensors:381 - Converted model.layers.12.post_attention_layernorm.weight from bfloat16 to float32
Feb 14 01:02:02 gremlin-1 exo[1117701]: 2026-02-14 01:02:02.261 | DEBUG    | exo.worker.engines.tinygrad.model_loader:_load_single_safetensors:381 - Converted model.layers.12.self_attn.k_proj.weight from bfloat16 to float32
Feb 14 01:02:02 gremlin-1 exo[1117701]: 2026-02-14 01:02:02.290 | DEBUG    | exo.worker.engines.tinygrad.model_loader:_load_single_safetensors:381 - Converted model.layers.12.self_attn.o_proj.weight from bfloat16 to float32
Feb 14 01:02:02 gremlin-1 exo[1117701]: 2026-02-14 01:02:02.318 | DEBUG    | exo.worker.engines.tinygrad.model_loader:_load_single_safetensors:381 - Converted model.layers.12.self_attn.q_proj.weight from bfloat16 to float32
Feb 14 01:02:02 gremlin-1 exo[1117701]: 2026-02-14 01:02:02.330 | DEBUG    | exo.worker.engines.tinygrad.model_loader:_load_single_safetensors:381 - Converted model.layers.12.self_attn.v_proj.weight from bfloat16 to float32
Feb 14 01:02:02 gremlin-1 exo[1117701]: 2026-02-14 01:02:02.330 | DEBUG    | exo.worker.engines.tinygrad.model_loader:_load_single_safetensors:381 - Converted model.layers.13.input_layernorm.weight from bfloat16 to float32
Feb 14 01:02:02 gremlin-1 exo[1117701]: 2026-02-14 01:02:02.407 | DEBUG    | exo.worker.engines.tinygrad.model_loader:_load_single_safetensors:381 - Converted model.layers.13.mlp.down_proj.weight from bfloat16 to float32
Feb 14 01:02:02 gremlin-1 exo[1117701]: 2026-02-14 01:02:02.487 | DEBUG    | exo.worker.engines.tinygrad.model_loader:_load_single_safetensors:381 - Converted model.layers.13.mlp.gate_proj.weight from bfloat16 to float32
Feb 14 01:02:02 gremlin-1 exo[1117701]: 2026-02-14 01:02:02.564 | DEBUG    | exo.worker.engines.tinygrad.model_loader:_load_single_safetensors:381 - Converted model.layers.13.mlp.up_proj.weight from bfloat16 to float32
Feb 14 01:02:02 gremlin-1 exo[1117701]: 2026-02-14 01:02:02.569 | DEBUG    | exo.worker.engines.tinygrad.model_loader:_load_single_safetensors:381 - Converted model.layers.13.post_attention_layernorm.weight from bfloat16 to float32
Feb 14 01:02:02 gremlin-1 exo[1117701]: 2026-02-14 01:02:02.580 | DEBUG    | exo.worker.engines.tinygrad.model_loader:_load_single_safetensors:381 - Converted model.layers.13.self_attn.k_proj.weight from bfloat16 to float32
Feb 14 01:02:02 gremlin-1 exo[1117701]: 2026-02-14 01:02:02.608 | DEBUG    | exo.worker.engines.tinygrad.model_loader:_load_single_safetensors:381 - Converted model.layers.13.self_attn.o_proj.weight from bfloat16 to float32
Feb 14 01:02:02 gremlin-1 exo[1117701]: 2026-02-14 01:02:02.638 | DEBUG    | exo.worker.engines.tinygrad.model_loader:_load_single_safetensors:381 - Converted model.layers.13.self_attn.q_proj.weight from bfloat16 to float32
Feb 14 01:02:02 gremlin-1 exo[1117701]: 2026-02-14 01:02:02.644 | DEBUG    | exo.worker.engines.tinygrad.model_loader:_load_single_safetensors:381 - Converted model.layers.13.self_attn.v_proj.weight from bfloat16 to float32
Feb 14 01:02:02 gremlin-1 exo[1117701]: 2026-02-14 01:02:02.644 | DEBUG    | exo.worker.engines.tinygrad.model_loader:_load_single_safetensors:381 - Converted model.layers.14.input_layernorm.weight from bfloat16 to float32
Feb 14 01:02:02 gremlin-1 exo[1117701]: 2026-02-14 01:02:02.730 | DEBUG    | exo.worker.engines.tinygrad.model_loader:_load_single_safetensors:381 - Converted model.layers.14.mlp.down_proj.weight from bfloat16 to float32
Feb 14 01:02:02 gremlin-1 exo[1117701]: 2026-02-14 01:02:02.873 | DEBUG    | exo.worker.engines.tinygrad.model_loader:_load_single_safetensors:381 - Converted model.layers.14.mlp.gate_proj.weight from bfloat16 to float32
Feb 14 01:02:02 gremlin-1 exo[1117701]: 2026-02-14 01:02:02.937 | DEBUG    | exo.worker.engines.tinygrad.model_loader:_load_single_safetensors:381 - Converted model.layers.14.mlp.up_proj.weight from bfloat16 to float32
Feb 14 01:02:02 gremlin-1 exo[1117701]: 2026-02-14 01:02:02.941 | DEBUG    | exo.worker.engines.tinygrad.model_loader:_load_single_safetensors:381 - Converted model.layers.14.post_attention_layernorm.weight from bfloat16 to float32
Feb 14 01:02:02 gremlin-1 exo[1117701]: 2026-02-14 01:02:02.946 | DEBUG    | exo.worker.engines.tinygrad.model_loader:_load_single_safetensors:381 - Converted model.layers.14.self_attn.k_proj.weight from bfloat16 to float32
Feb 14 01:02:02 gremlin-1 exo[1117701]: 2026-02-14 01:02:02.970 | DEBUG    | exo.worker.engines.tinygrad.model_loader:_load_single_safetensors:381 - Converted model.layers.14.self_attn.o_proj.weight from bfloat16 to float32
Feb 14 01:02:02 gremlin-1 exo[1117701]: 2026-02-14 01:02:02.999 | DEBUG    | exo.worker.engines.tinygrad.model_loader:_load_single_safetensors:381 - Converted model.layers.14.self_attn.q_proj.weight from bfloat16 to float32
Feb 14 01:02:03 gremlin-1 exo[1117701]: 2026-02-14 01:02:03.004 | DEBUG    | exo.worker.engines.tinygrad.model_loader:_load_single_safetensors:381 - Converted model.layers.14.self_attn.v_proj.weight from bfloat16 to float32
Feb 14 01:02:03 gremlin-1 exo[1117701]: 2026-02-14 01:02:03.005 | DEBUG    | exo.worker.engines.tinygrad.model_loader:_load_single_safetensors:381 - Converted model.layers.15.input_layernorm.weight from bfloat16 to float32
Feb 14 01:02:03 gremlin-1 exo[1116617]: [ 01:02:03.076 | DEBUG    | exo.worker.main:_forward_events:339 ] Worker published event 96: NodeGatheredInfo(event_id='505d66b7-9173-4c31-b4d7-a0e1ed374922' node_id='12D3KooWFqJJWdMdMqg7KvrGjx
Feb 14 01:02:03 gremlin-1 exo[1116617]: [ 01:02:03.078 | DEBUG    | exo.master.main:_event_processor:386 ] Master indexing event: NodeGatheredInfo(event_id='505d66b7-9173-4c31-b4d7-a0e1ed374922' node_id='12D3KooWFqJJWdMdMqg7KvrGjx
Feb 14 01:02:03 gremlin-1 exo[1117701]: 2026-02-14 01:02:03.084 | DEBUG    | exo.worker.engines.tinygrad.model_loader:_load_single_safetensors:381 - Converted model.layers.15.mlp.down_proj.weight from bfloat16 to float32
Feb 14 01:02:03 gremlin-1 exo[1117701]: 2026-02-14 01:02:03.159 | DEBUG    | exo.worker.engines.tinygrad.model_loader:_load_single_safetensors:381 - Converted model.layers.15.mlp.gate_proj.weight from bfloat16 to float32
Feb 14 01:02:03 gremlin-1 exo[1116617]: [ 01:02:03.207 | DEBUG    | exo.master.api:_log_requests:199 ] API request: GET /state
Feb 14 01:02:03 gremlin-1 exo[1117701]: 2026-02-14 01:02:03.233 | DEBUG    | exo.worker.engines.tinygrad.model_loader:_load_single_safetensors:381 - Converted model.layers.15.mlp.up_proj.weight from bfloat16 to float32
Feb 14 01:02:03 gremlin-1 exo[1117701]: 2026-02-14 01:02:03.238 | DEBUG    | exo.worker.engines.tinygrad.model_loader:_load_single_safetensors:381 - Converted model.layers.15.post_attention_layernorm.weight from bfloat16 to float32
Feb 14 01:02:03 gremlin-1 exo[1117701]: 2026-02-14 01:02:03.243 | DEBUG    | exo.worker.engines.tinygrad.model_loader:_load_single_safetensors:381 - Converted model.layers.15.self_attn.k_proj.weight from bfloat16 to float32
Feb 14 01:02:03 gremlin-1 exo[1117701]: 2026-02-14 01:02:03.262 | DEBUG    | exo.worker.engines.tinygrad.model_loader:_load_single_safetensors:381 - Converted model.layers.15.self_attn.o_proj.weight from bfloat16 to float32
Feb 14 01:02:03 gremlin-1 exo[1117701]: 2026-02-14 01:02:03.283 | DEBUG    | exo.worker.engines.tinygrad.model_loader:_load_single_safetensors:381 - Converted model.layers.15.self_attn.q_proj.weight from bfloat16 to float32
Feb 14 01:02:03 gremlin-1 exo[1117701]: 2026-02-14 01:02:03.285 | DEBUG    | exo.worker.engines.tinygrad.model_loader:_load_single_safetensors:381 - Converted model.layers.15.self_attn.v_proj.weight from bfloat16 to float32
Feb 14 01:02:03 gremlin-1 exo[1117701]: 2026-02-14 01:02:03.285 | DEBUG    | exo.worker.engines.tinygrad.model_loader:_load_single_safetensors:381 - Converted model.layers.16.input_layernorm.weight from bfloat16 to float32
Feb 14 01:02:03 gremlin-1 exo[1117701]: 2026-02-14 01:02:03.326 | DEBUG    | exo.worker.engines.tinygrad.model_loader:_load_single_safetensors:381 - Converted model.layers.16.mlp.down_proj.weight from bfloat16 to float32
Feb 14 01:02:03 gremlin-1 exo[1117701]: 2026-02-14 01:02:03.368 | DEBUG    | exo.worker.engines.tinygrad.model_loader:_load_single_safetensors:381 - Converted model.layers.16.mlp.gate_proj.weight from bfloat16 to float32
Feb 14 01:02:03 gremlin-1 exo[1117701]: 2026-02-14 01:02:03.423 | DEBUG    | exo.worker.engines.tinygrad.model_loader:_load_single_safetensors:381 - Converted model.layers.16.mlp.up_proj.weight from bfloat16 to float32
Feb 14 01:02:03 gremlin-1 exo[1117701]: 2026-02-14 01:02:03.428 | DEBUG    | exo.worker.engines.tinygrad.model_loader:_load_single_safetensors:381 - Converted model.layers.16.post_attention_layernorm.weight from bfloat16 to float32
Feb 14 01:02:03 gremlin-1 exo[1117701]: 2026-02-14 01:02:03.431 | DEBUG    | exo.worker.engines.tinygrad.model_loader:_load_single_safetensors:381 - Converted model.layers.16.self_attn.k_proj.weight from bfloat16 to float32
Feb 14 01:02:03 gremlin-1 exo[1117701]: 2026-02-14 01:02:03.445 | DEBUG    | exo.worker.engines.tinygrad.model_loader:_load_single_safetensors:381 - Converted model.layers.16.self_attn.o_proj.weight from bfloat16 to float32
Feb 14 01:02:03 gremlin-1 exo[1117701]: 2026-02-14 01:02:03.464 | DEBUG    | exo.worker.engines.tinygrad.model_loader:_load_single_safetensors:381 - Converted model.layers.16.self_attn.q_proj.weight from bfloat16 to float32
Feb 14 01:02:03 gremlin-1 exo[1117701]: 2026-02-14 01:02:03.469 | DEBUG    | exo.worker.engines.tinygrad.model_loader:_load_single_safetensors:381 - Converted model.layers.16.self_attn.v_proj.weight from bfloat16 to float32
Feb 14 01:02:03 gremlin-1 exo[1117701]: 2026-02-14 01:02:03.469 | DEBUG    | exo.worker.engines.tinygrad.model_loader:_load_single_safetensors:381 - Converted model.layers.17.input_layernorm.weight from bfloat16 to float32
Feb 14 01:02:03 gremlin-1 exo[1117701]: 2026-02-14 01:02:03.519 | DEBUG    | exo.worker.engines.tinygrad.model_loader:_load_single_safetensors:381 - Converted model.layers.17.mlp.down_proj.weight from bfloat16 to float32
Feb 14 01:02:03 gremlin-1 exo[1117701]: 2026-02-14 01:02:03.574 | DEBUG    | exo.worker.engines.tinygrad.model_loader:_load_single_safetensors:381 - Converted model.layers.17.mlp.gate_proj.weight from bfloat16 to float32
Feb 14 01:02:03 gremlin-1 exo[1117701]: 2026-02-14 01:02:03.629 | DEBUG    | exo.worker.engines.tinygrad.model_loader:_load_single_safetensors:381 - Converted model.layers.17.mlp.up_proj.weight from bfloat16 to float32
Feb 14 01:02:03 gremlin-1 exo[1117701]: 2026-02-14 01:02:03.633 | DEBUG    | exo.worker.engines.tinygrad.model_loader:_load_single_safetensors:381 - Converted model.layers.17.post_attention_layernorm.weight from bfloat16 to float32
Feb 14 01:02:03 gremlin-1 exo[1117701]: 2026-02-14 01:02:03.637 | DEBUG    | exo.worker.engines.tinygrad.model_loader:_load_single_safetensors:381 - Converted model.layers.17.self_attn.k_proj.weight from bfloat16 to float32
Feb 14 01:02:03 gremlin-1 exo[1117701]: 2026-02-14 01:02:03.656 | DEBUG    | exo.worker.engines.tinygrad.model_loader:_load_single_safetensors:381 - Converted model.layers.17.self_attn.o_proj.weight from bfloat16 to float32
Feb 14 01:02:03 gremlin-1 exo[1117701]: 2026-02-14 01:02:03.676 | DEBUG    | exo.worker.engines.tinygrad.model_loader:_load_single_safetensors:381 - Converted model.layers.17.self_attn.q_proj.weight from bfloat16 to float32
Feb 14 01:02:03 gremlin-1 exo[1117701]: 2026-02-14 01:02:03.684 | DEBUG    | exo.worker.engines.tinygrad.model_loader:_load_single_safetensors:381 - Converted model.layers.17.self_attn.v_proj.weight from bfloat16 to float32
Feb 14 01:02:03 gremlin-1 exo[1117701]: 2026-02-14 01:02:03.684 | DEBUG    | exo.worker.engines.tinygrad.model_loader:_load_single_safetensors:381 - Converted model.layers.18.input_layernorm.weight from bfloat16 to float32
Feb 14 01:02:03 gremlin-1 exo[1117701]: 2026-02-14 01:02:03.737 | DEBUG    | exo.worker.engines.tinygrad.model_loader:_load_single_safetensors:381 - Converted model.layers.18.mlp.down_proj.weight from bfloat16 to float32
Feb 14 01:02:03 gremlin-1 exo[1117701]: 2026-02-14 01:02:03.781 | DEBUG    | exo.worker.engines.tinygrad.model_loader:_load_single_safetensors:381 - Converted model.layers.18.mlp.gate_proj.weight from bfloat16 to float32
Feb 14 01:02:03 gremlin-1 exo[1117701]: 2026-02-14 01:02:03.836 | DEBUG    | exo.worker.engines.tinygrad.model_loader:_load_single_safetensors:381 - Converted model.layers.18.mlp.up_proj.weight from bfloat16 to float32
Feb 14 01:02:03 gremlin-1 exo[1117701]: 2026-02-14 01:02:03.841 | DEBUG    | exo.worker.engines.tinygrad.model_loader:_load_single_safetensors:381 - Converted model.layers.18.post_attention_layernorm.weight from bfloat16 to float32
Feb 14 01:02:03 gremlin-1 exo[1117701]: 2026-02-14 01:02:03.846 | DEBUG    | exo.worker.engines.tinygrad.model_loader:_load_single_safetensors:381 - Converted model.layers.18.self_attn.k_proj.weight from bfloat16 to float32
Feb 14 01:02:03 gremlin-1 exo[1117701]: 2026-02-14 01:02:03.865 | DEBUG    | exo.worker.engines.tinygrad.model_loader:_load_single_safetensors:381 - Converted model.layers.18.self_attn.o_proj.weight from bfloat16 to float32
Feb 14 01:02:03 gremlin-1 exo[1117701]: 2026-02-14 01:02:03.885 | DEBUG    | exo.worker.engines.tinygrad.model_loader:_load_single_safetensors:381 - Converted model.layers.18.self_attn.q_proj.weight from bfloat16 to float32
Feb 14 01:02:03 gremlin-1 exo[1117701]: 2026-02-14 01:02:03.888 | DEBUG    | exo.worker.engines.tinygrad.model_loader:_load_single_safetensors:381 - Converted model.layers.18.self_attn.v_proj.weight from bfloat16 to float32
Feb 14 01:02:03 gremlin-1 exo[1117701]: 2026-02-14 01:02:03.889 | DEBUG    | exo.worker.engines.tinygrad.model_loader:_load_single_safetensors:381 - Converted model.layers.19.input_layernorm.weight from bfloat16 to float32
Feb 14 01:02:03 gremlin-1 exo[1117701]: 2026-02-14 01:02:03.943 | DEBUG    | exo.worker.engines.tinygrad.model_loader:_load_single_safetensors:381 - Converted model.layers.19.mlp.down_proj.weight from bfloat16 to float32
Feb 14 01:02:04 gremlin-1 exo[1117701]: 2026-02-14 01:02:04.014 | DEBUG    | exo.worker.engines.tinygrad.model_loader:_load_single_safetensors:381 - Converted model.layers.19.mlp.gate_proj.weight from bfloat16 to float32
Feb 14 01:02:04 gremlin-1 exo[1117701]: 2026-02-14 01:02:04.073 | DEBUG    | exo.worker.engines.tinygrad.model_loader:_load_single_safetensors:381 - Converted model.layers.19.mlp.up_proj.weight from bfloat16 to float32
Feb 14 01:02:04 gremlin-1 exo[1117701]: 2026-02-14 01:02:04.079 | DEBUG    | exo.worker.engines.tinygrad.model_loader:_load_single_safetensors:381 - Converted model.layers.19.post_attention_layernorm.weight from bfloat16 to float32
Feb 14 01:02:04 gremlin-1 exo[1117701]: 2026-02-14 01:02:04.083 | DEBUG    | exo.worker.engines.tinygrad.model_loader:_load_single_safetensors:381 - Converted model.layers.19.self_attn.k_proj.weight from bfloat16 to float32
Feb 14 01:02:04 gremlin-1 exo[1117701]: 2026-02-14 01:02:04.096 | DEBUG    | exo.worker.engines.tinygrad.model_loader:_load_single_safetensors:381 - Converted model.layers.19.self_attn.o_proj.weight from bfloat16 to float32
Feb 14 01:02:04 gremlin-1 exo[1116617]: [ 01:02:04.094 | DEBUG    | exo.worker.main:_forward_events:339 ] Worker published event 97: NodeGatheredInfo(event_id='722aed1a-d238-46b7-a1e2-d344261fa173' node_id='12D3KooWFqJJWdMdMqg7KvrGjx
Feb 14 01:02:04 gremlin-1 exo[1116617]: [ 01:02:04.096 | DEBUG    | exo.worker.main:_forward_events:339 ] Worker published event 98: NodeGatheredInfo(event_id='38dee384-6bde-4b89-8694-eb65b6a8c6fc' node_id='12D3KooWFqJJWdMdMqg7KvrGjx
Feb 14 01:02:04 gremlin-1 exo[1116617]: [ 01:02:04.097 | DEBUG    | exo.master.main:_event_processor:386 ] Master indexing event: NodeGatheredInfo(event_id='722aed1a-d238-46b7-a1e2-d344261fa173' node_id='12D3KooWFqJJWdMdMqg7KvrGjx
Feb 14 01:02:04 gremlin-1 exo[1116617]: [ 01:02:04.099 | DEBUG    | exo.master.main:_event_processor:386 ] Master indexing event: NodeGatheredInfo(event_id='38dee384-6bde-4b89-8694-eb65b6a8c6fc' node_id='12D3KooWFqJJWdMdMqg7KvrGjx
Feb 14 01:02:04 gremlin-1 exo[1117701]: 2026-02-14 01:02:04.109 | DEBUG    | exo.worker.engines.tinygrad.model_loader:_load_single_safetensors:381 - Converted model.layers.19.self_attn.q_proj.weight from bfloat16 to float32
Feb 14 01:02:04 gremlin-1 exo[1117701]: 2026-02-14 01:02:04.112 | DEBUG    | exo.worker.engines.tinygrad.model_loader:_load_single_safetensors:381 - Converted model.layers.19.self_attn.v_proj.weight from bfloat16 to float32
Feb 14 01:02:04 gremlin-1 exo[1117701]: 2026-02-14 01:02:04.112 | DEBUG    | exo.worker.engines.tinygrad.model_loader:_load_single_safetensors:381 - Converted model.layers.2.input_layernorm.weight from bfloat16 to float32
Feb 14 01:02:04 gremlin-1 exo[1117701]: 2026-02-14 01:02:04.165 | DEBUG    | exo.worker.engines.tinygrad.model_loader:_load_single_safetensors:381 - Converted model.layers.2.mlp.down_proj.weight from bfloat16 to float32
Feb 14 01:02:04 gremlin-1 exo[1116617]: [ 01:02:04.212 | DEBUG    | exo.master.api:_log_requests:199 ] API request: GET /state
Feb 14 01:02:04 gremlin-1 exo[1117701]: 2026-02-14 01:02:04.225 | DEBUG    | exo.worker.engines.tinygrad.model_loader:_load_single_safetensors:381 - Converted model.layers.2.mlp.gate_proj.weight from bfloat16 to float32
Feb 14 01:02:04 gremlin-1 exo[1117701]: 2026-02-14 01:02:04.281 | DEBUG    | exo.worker.engines.tinygrad.model_loader:_load_single_safetensors:381 - Converted model.layers.2.mlp.up_proj.weight from bfloat16 to float32
Feb 14 01:02:04 gremlin-1 exo[1117701]: 2026-02-14 01:02:04.286 | DEBUG    | exo.worker.engines.tinygrad.model_loader:_load_single_safetensors:381 - Converted model.layers.2.post_attention_layernorm.weight from bfloat16 to float32
Feb 14 01:02:04 gremlin-1 exo[1117701]: 2026-02-14 01:02:04.291 | DEBUG    | exo.worker.engines.tinygrad.model_loader:_load_single_safetensors:381 - Converted model.layers.2.self_attn.k_proj.weight from bfloat16 to float32
Feb 14 01:02:04 gremlin-1 exo[1117701]: 2026-02-14 01:02:04.310 | DEBUG    | exo.worker.engines.tinygrad.model_loader:_load_single_safetensors:381 - Converted model.layers.2.self_attn.o_proj.weight from bfloat16 to float32
Feb 14 01:02:04 gremlin-1 exo[1117701]: 2026-02-14 01:02:04.330 | DEBUG    | exo.worker.engines.tinygrad.model_loader:_load_single_safetensors:381 - Converted model.layers.2.self_attn.q_proj.weight from bfloat16 to float32
Feb 14 01:02:04 gremlin-1 exo[1117701]: 2026-02-14 01:02:04.334 | DEBUG    | exo.worker.engines.tinygrad.model_loader:_load_single_safetensors:381 - Converted model.layers.2.self_attn.v_proj.weight from bfloat16 to float32
Feb 14 01:02:04 gremlin-1 exo[1117701]: 2026-02-14 01:02:04.385 | DEBUG    | exo.worker.engines.tinygrad.model_loader:_load_single_safetensors:381 - Converted model.layers.20.mlp.gate_proj.weight from bfloat16 to float32
Feb 14 01:02:04 gremlin-1 exo[1117701]: 2026-02-14 01:02:04.444 | DEBUG    | exo.worker.engines.tinygrad.model_loader:_load_single_safetensors:381 - Converted model.layers.20.mlp.up_proj.weight from bfloat16 to float32
Feb 14 01:02:04 gremlin-1 exo[1117701]: 2026-02-14 01:02:04.452 | DEBUG    | exo.worker.engines.tinygrad.model_loader:_load_single_safetensors:381 - Converted model.layers.20.self_attn.k_proj.weight from bfloat16 to float32
Feb 14 01:02:04 gremlin-1 exo[1117701]: 2026-02-14 01:02:04.467 | DEBUG    | exo.worker.engines.tinygrad.model_loader:_load_single_safetensors:381 - Converted model.layers.20.self_attn.o_proj.weight from bfloat16 to float32
Feb 14 01:02:04 gremlin-1 exo[1117701]: 2026-02-14 01:02:04.486 | DEBUG    | exo.worker.engines.tinygrad.model_loader:_load_single_safetensors:381 - Converted model.layers.20.self_attn.q_proj.weight from bfloat16 to float32
Feb 14 01:02:04 gremlin-1 exo[1117701]: 2026-02-14 01:02:04.490 | DEBUG    | exo.worker.engines.tinygrad.model_loader:_load_single_safetensors:381 - Converted model.layers.20.self_attn.v_proj.weight from bfloat16 to float32
Feb 14 01:02:04 gremlin-1 exo[1117701]: 2026-02-14 01:02:04.491 | DEBUG    | exo.worker.engines.tinygrad.model_loader:_load_single_safetensors:381 - Converted model.layers.3.input_layernorm.weight from bfloat16 to float32
Feb 14 01:02:04 gremlin-1 exo[1117701]: 2026-02-14 01:02:04.543 | DEBUG    | exo.worker.engines.tinygrad.model_loader:_load_single_safetensors:381 - Converted model.layers.3.mlp.down_proj.weight from bfloat16 to float32
Feb 14 01:02:04 gremlin-1 exo[1117701]: 2026-02-14 01:02:04.600 | DEBUG    | exo.worker.engines.tinygrad.model_loader:_load_single_safetensors:381 - Converted model.layers.3.mlp.gate_proj.weight from bfloat16 to float32
Feb 14 01:02:04 gremlin-1 exo[1117701]: 2026-02-14 01:02:04.657 | DEBUG    | exo.worker.engines.tinygrad.model_loader:_load_single_safetensors:381 - Converted model.layers.3.mlp.up_proj.weight from bfloat16 to float32
Feb 14 01:02:04 gremlin-1 exo[1117701]: 2026-02-14 01:02:04.661 | DEBUG    | exo.worker.engines.tinygrad.model_loader:_load_single_safetensors:381 - Converted model.layers.3.post_attention_layernorm.weight from bfloat16 to float32
Feb 14 01:02:04 gremlin-1 exo[1117701]: 2026-02-14 01:02:04.666 | DEBUG    | exo.worker.engines.tinygrad.model_loader:_load_single_safetensors:381 - Converted model.layers.3.self_attn.k_proj.weight from bfloat16 to float32
Feb 14 01:02:04 gremlin-1 exo[1117701]: 2026-02-14 01:02:04.686 | DEBUG    | exo.worker.engines.tinygrad.model_loader:_load_single_safetensors:381 - Converted model.layers.3.self_attn.o_proj.weight from bfloat16 to float32
Feb 14 01:02:04 gremlin-1 exo[1117701]: 2026-02-14 01:02:04.706 | DEBUG    | exo.worker.engines.tinygrad.model_loader:_load_single_safetensors:381 - Converted model.layers.3.self_attn.q_proj.weight from bfloat16 to float32
Feb 14 01:02:04 gremlin-1 exo[1117701]: 2026-02-14 01:02:04.714 | DEBUG    | exo.worker.engines.tinygrad.model_loader:_load_single_safetensors:381 - Converted model.layers.3.self_attn.v_proj.weight from bfloat16 to float32
Feb 14 01:02:04 gremlin-1 exo[1117701]: 2026-02-14 01:02:04.714 | DEBUG    | exo.worker.engines.tinygrad.model_loader:_load_single_safetensors:381 - Converted model.layers.4.input_layernorm.weight from bfloat16 to float32
Feb 14 01:02:04 gremlin-1 exo[1117701]: 2026-02-14 01:02:04.766 | DEBUG    | exo.worker.engines.tinygrad.model_loader:_load_single_safetensors:381 - Converted model.layers.4.mlp.down_proj.weight from bfloat16 to float32
Feb 14 01:02:04 gremlin-1 exo[1117701]: 2026-02-14 01:02:04.823 | DEBUG    | exo.worker.engines.tinygrad.model_loader:_load_single_safetensors:381 - Converted model.layers.4.mlp.gate_proj.weight from bfloat16 to float32
Feb 14 01:02:04 gremlin-1 exo[1117701]: 2026-02-14 01:02:04.881 | DEBUG    | exo.worker.engines.tinygrad.model_loader:_load_single_safetensors:381 - Converted model.layers.4.mlp.up_proj.weight from bfloat16 to float32
Feb 14 01:02:04 gremlin-1 exo[1117701]: 2026-02-14 01:02:04.886 | DEBUG    | exo.worker.engines.tinygrad.model_loader:_load_single_safetensors:381 - Converted model.layers.4.post_attention_layernorm.weight from bfloat16 to float32
Feb 14 01:02:04 gremlin-1 exo[1117701]: 2026-02-14 01:02:04.891 | DEBUG    | exo.worker.engines.tinygrad.model_loader:_load_single_safetensors:381 - Converted model.layers.4.self_attn.k_proj.weight from bfloat16 to float32
Feb 14 01:02:04 gremlin-1 exo[1117701]: 2026-02-14 01:02:04.911 | DEBUG    | exo.worker.engines.tinygrad.model_loader:_load_single_safetensors:381 - Converted model.layers.4.self_attn.o_proj.weight from bfloat16 to float32
Feb 14 01:02:04 gremlin-1 exo[1117701]: 2026-02-14 01:02:04.933 | DEBUG    | exo.worker.engines.tinygrad.model_loader:_load_single_safetensors:381 - Converted model.layers.4.self_attn.q_proj.weight from bfloat16 to float32
Feb 14 01:02:04 gremlin-1 exo[1117701]: 2026-02-14 01:02:04.937 | DEBUG    | exo.worker.engines.tinygrad.model_loader:_load_single_safetensors:381 - Converted model.layers.4.self_attn.v_proj.weight from bfloat16 to float32
Feb 14 01:02:04 gremlin-1 exo[1117701]: 2026-02-14 01:02:04.937 | DEBUG    | exo.worker.engines.tinygrad.model_loader:_load_single_safetensors:381 - Converted model.layers.5.input_layernorm.weight from bfloat16 to float32
Feb 14 01:02:04 gremlin-1 exo[1117701]: 2026-02-14 01:02:04.991 | DEBUG    | exo.worker.engines.tinygrad.model_loader:_load_single_safetensors:381 - Converted model.layers.5.mlp.down_proj.weight from bfloat16 to float32
Feb 14 01:02:05 gremlin-1 exo[1117701]: 2026-02-14 01:02:05.050 | DEBUG    | exo.worker.engines.tinygrad.model_loader:_load_single_safetensors:381 - Converted model.layers.5.mlp.gate_proj.weight from bfloat16 to float32
Feb 14 01:02:05 gremlin-1 exo[1116617]: [ 01:02:05.094 | DEBUG    | exo.worker.main:_forward_events:339 ] Worker published event 99: NodeGatheredInfo(event_id='ce0681d3-49cb-4e7b-9098-93748b6127b3' node_id='12D3KooWFqJJWdMdMqg7KvrGjx
Feb 14 01:02:05 gremlin-1 exo[1116617]: [ 01:02:05.095 | DEBUG    | exo.master.main:_event_processor:386 ] Master indexing event: NodeGatheredInfo(event_id='ce0681d3-49cb-4e7b-9098-93748b6127b3' node_id='12D3KooWFqJJWdMdMqg7KvrGjx
Feb 14 01:02:05 gremlin-1 exo[1117701]: 2026-02-14 01:02:05.108 | DEBUG    | exo.worker.engines.tinygrad.model_loader:_load_single_safetensors:381 - Converted model.layers.5.mlp.up_proj.weight from bfloat16 to float32
Feb 14 01:02:05 gremlin-1 exo[1117701]: 2026-02-14 01:02:05.113 | DEBUG    | exo.worker.engines.tinygrad.model_loader:_load_single_safetensors:381 - Converted model.layers.5.post_attention_layernorm.weight from bfloat16 to float32
Feb 14 01:02:05 gremlin-1 exo[1117701]: 2026-02-14 01:02:05.116 | DEBUG    | exo.worker.engines.tinygrad.model_loader:_load_single_safetensors:381 - Converted model.layers.5.self_attn.k_proj.weight from bfloat16 to float32
Feb 14 01:02:05 gremlin-1 exo[1117701]: 2026-02-14 01:02:05.129 | DEBUG    | exo.worker.engines.tinygrad.model_loader:_load_single_safetensors:381 - Converted model.layers.5.self_attn.o_proj.weight from bfloat16 to float32
Feb 14 01:02:05 gremlin-1 exo[1117701]: 2026-02-14 01:02:05.141 | DEBUG    | exo.worker.engines.tinygrad.model_loader:_load_single_safetensors:381 - Converted model.layers.5.self_attn.q_proj.weight from bfloat16 to float32
Feb 14 01:02:05 gremlin-1 exo[1117701]: 2026-02-14 01:02:05.145 | DEBUG    | exo.worker.engines.tinygrad.model_loader:_load_single_safetensors:381 - Converted model.layers.5.self_attn.v_proj.weight from bfloat16 to float32
Feb 14 01:02:05 gremlin-1 exo[1117701]: 2026-02-14 01:02:05.145 | DEBUG    | exo.worker.engines.tinygrad.model_loader:_load_single_safetensors:381 - Converted model.layers.6.input_layernorm.weight from bfloat16 to float32
Feb 14 01:02:05 gremlin-1 exo[1117701]: 2026-02-14 01:02:05.198 | DEBUG    | exo.worker.engines.tinygrad.model_loader:_load_single_safetensors:381 - Converted model.layers.6.mlp.down_proj.weight from bfloat16 to float32
Feb 14 01:02:05 gremlin-1 exo[1116617]: [ 01:02:05.189 | DEBUG    | exo.master.api:_log_requests:199 ] API request: GET /instance/previews
Feb 14 01:02:05 gremlin-1 exo[1116617]: [ 01:02:05.213 | DEBUG    | exo.master.api:_log_requests:199 ] API request: GET /state
Feb 14 01:02:05 gremlin-1 exo[1117701]: 2026-02-14 01:02:05.256 | DEBUG    | exo.worker.engines.tinygrad.model_loader:_load_single_safetensors:381 - Converted model.layers.6.mlp.gate_proj.weight from bfloat16 to float32
Feb 14 01:02:05 gremlin-1 exo[1117701]: 2026-02-14 01:02:05.314 | DEBUG    | exo.worker.engines.tinygrad.model_loader:_load_single_safetensors:381 - Converted model.layers.6.mlp.up_proj.weight from bfloat16 to float32
Feb 14 01:02:05 gremlin-1 exo[1117701]: 2026-02-14 01:02:05.319 | DEBUG    | exo.worker.engines.tinygrad.model_loader:_load_single_safetensors:381 - Converted model.layers.6.post_attention_layernorm.weight from bfloat16 to float32
Feb 14 01:02:05 gremlin-1 exo[1117701]: 2026-02-14 01:02:05.323 | DEBUG    | exo.worker.engines.tinygrad.model_loader:_load_single_safetensors:381 - Converted model.layers.6.self_attn.k_proj.weight from bfloat16 to float32
Feb 14 01:02:05 gremlin-1 exo[1117701]: 2026-02-14 01:02:05.343 | DEBUG    | exo.worker.engines.tinygrad.model_loader:_load_single_safetensors:381 - Converted model.layers.6.self_attn.o_proj.weight from bfloat16 to float32
Feb 14 01:02:05 gremlin-1 exo[1117701]: 2026-02-14 01:02:05.364 | DEBUG    | exo.worker.engines.tinygrad.model_loader:_load_single_safetensors:381 - Converted model.layers.6.self_attn.q_proj.weight from bfloat16 to float32
Feb 14 01:02:05 gremlin-1 exo[1117701]: 2026-02-14 01:02:05.367 | DEBUG    | exo.worker.engines.tinygrad.model_loader:_load_single_safetensors:381 - Converted model.layers.6.self_attn.v_proj.weight from bfloat16 to float32
Feb 14 01:02:05 gremlin-1 exo[1117701]: 2026-02-14 01:02:05.367 | DEBUG    | exo.worker.engines.tinygrad.model_loader:_load_single_safetensors:381 - Converted model.layers.7.input_layernorm.weight from bfloat16 to float32
Feb 14 01:02:05 gremlin-1 exo[1117701]: 2026-02-14 01:02:05.421 | DEBUG    | exo.worker.engines.tinygrad.model_loader:_load_single_safetensors:381 - Converted model.layers.7.mlp.down_proj.weight from bfloat16 to float32
Feb 14 01:02:05 gremlin-1 exo[1117701]: 2026-02-14 01:02:05.479 | DEBUG    | exo.worker.engines.tinygrad.model_loader:_load_single_safetensors:381 - Converted model.layers.7.mlp.gate_proj.weight from bfloat16 to float32
Feb 14 01:02:05 gremlin-1 exo[1117701]: 2026-02-14 01:02:05.537 | DEBUG    | exo.worker.engines.tinygrad.model_loader:_load_single_safetensors:381 - Converted model.layers.7.mlp.up_proj.weight from bfloat16 to float32
Feb 14 01:02:05 gremlin-1 exo[1117701]: 2026-02-14 01:02:05.542 | DEBUG    | exo.worker.engines.tinygrad.model_loader:_load_single_safetensors:381 - Converted model.layers.7.post_attention_layernorm.weight from bfloat16 to float32
Feb 14 01:02:05 gremlin-1 exo[1117701]: 2026-02-14 01:02:05.545 | DEBUG    | exo.worker.engines.tinygrad.model_loader:_load_single_safetensors:381 - Converted model.layers.7.self_attn.k_proj.weight from bfloat16 to float32
Feb 14 01:02:05 gremlin-1 exo[1117701]: 2026-02-14 01:02:05.560 | DEBUG    | exo.worker.engines.tinygrad.model_loader:_load_single_safetensors:381 - Converted model.layers.7.self_attn.o_proj.weight from bfloat16 to float32
Feb 14 01:02:05 gremlin-1 exo[1117701]: 2026-02-14 01:02:05.581 | DEBUG    | exo.worker.engines.tinygrad.model_loader:_load_single_safetensors:381 - Converted model.layers.7.self_attn.q_proj.weight from bfloat16 to float32
Feb 14 01:02:05 gremlin-1 exo[1117701]: 2026-02-14 01:02:05.586 | DEBUG    | exo.worker.engines.tinygrad.model_loader:_load_single_safetensors:381 - Converted model.layers.7.self_attn.v_proj.weight from bfloat16 to float32
Feb 14 01:02:05 gremlin-1 exo[1117701]: 2026-02-14 01:02:05.586 | DEBUG    | exo.worker.engines.tinygrad.model_loader:_load_single_safetensors:381 - Converted model.layers.8.input_layernorm.weight from bfloat16 to float32
Feb 14 01:02:05 gremlin-1 exo[1117701]: 2026-02-14 01:02:05.639 | DEBUG    | exo.worker.engines.tinygrad.model_loader:_load_single_safetensors:381 - Converted model.layers.8.mlp.down_proj.weight from bfloat16 to float32
Feb 14 01:02:05 gremlin-1 exo[1117701]: 2026-02-14 01:02:05.807 | DEBUG    | exo.worker.engines.tinygrad.model_loader:_load_single_safetensors:381 - Converted model.layers.8.mlp.gate_proj.weight from bfloat16 to float32
Feb 14 01:02:05 gremlin-1 exo[1117701]: 2026-02-14 01:02:05.925 | DEBUG    | exo.worker.engines.tinygrad.model_loader:_load_single_safetensors:381 - Converted model.layers.8.mlp.up_proj.weight from bfloat16 to float32
Feb 14 01:02:05 gremlin-1 exo[1117701]: 2026-02-14 01:02:05.933 | DEBUG    | exo.worker.engines.tinygrad.model_loader:_load_single_safetensors:381 - Converted model.layers.8.post_attention_layernorm.weight from bfloat16 to float32
Feb 14 01:02:05 gremlin-1 exo[1117701]: 2026-02-14 01:02:05.938 | DEBUG    | exo.worker.engines.tinygrad.model_loader:_load_single_safetensors:381 - Converted model.layers.8.self_attn.k_proj.weight from bfloat16 to float32
Feb 14 01:02:05 gremlin-1 exo[1117701]: 2026-02-14 01:02:05.970 | DEBUG    | exo.worker.engines.tinygrad.model_loader:_load_single_safetensors:381 - Converted model.layers.8.self_attn.o_proj.weight from bfloat16 to float32
Feb 14 01:02:06 gremlin-1 exo[1117701]: 2026-02-14 01:02:06.012 | DEBUG    | exo.worker.engines.tinygrad.model_loader:_load_single_safetensors:381 - Converted model.layers.8.self_attn.q_proj.weight from bfloat16 to float32
Feb 14 01:02:06 gremlin-1 exo[1117701]: 2026-02-14 01:02:06.024 | DEBUG    | exo.worker.engines.tinygrad.model_loader:_load_single_safetensors:381 - Converted model.layers.8.self_attn.v_proj.weight from bfloat16 to float32
Feb 14 01:02:06 gremlin-1 exo[1117701]: 2026-02-14 01:02:06.024 | DEBUG    | exo.worker.engines.tinygrad.model_loader:_load_single_safetensors:381 - Converted model.layers.9.input_layernorm.weight from bfloat16 to float32
Feb 14 01:02:06 gremlin-1 exo[1116617]: [ 01:02:06.096 | DEBUG    | exo.worker.main:_forward_events:339 ] Worker published event 100: NodeGatheredInfo(event_id='cec9c034-940c-4d23-8cb1-492032bbfb53' node_id='12D3KooWFqJJWdMdMqg7KvrGjx
Feb 14 01:02:06 gremlin-1 exo[1116617]: [ 01:02:06.097 | DEBUG    | exo.master.main:_event_processor:386 ] Master indexing event: NodeGatheredInfo(event_id='cec9c034-940c-4d23-8cb1-492032bbfb53' node_id='12D3KooWFqJJWdMdMqg7KvrGjx
Feb 14 01:02:06 gremlin-1 exo[1117701]: 2026-02-14 01:02:06.162 | DEBUG    | exo.worker.engines.tinygrad.model_loader:_load_single_safetensors:381 - Converted model.layers.9.mlp.down_proj.weight from bfloat16 to float32
Feb 14 01:02:06 gremlin-1 exo[1117701]: 2026-02-14 01:02:06.281 | DEBUG    | exo.worker.engines.tinygrad.model_loader:_load_single_safetensors:381 - Converted model.layers.9.mlp.gate_proj.weight from bfloat16 to float32
Feb 14 01:02:06 gremlin-1 exo[1116617]: [ 01:02:06.331 | DEBUG    | exo.master.api:_log_requests:199 ] API request: GET /state
Feb 14 01:02:06 gremlin-1 exo[1117701]: 2026-02-14 01:02:06.378 | DEBUG    | exo.worker.engines.tinygrad.model_loader:_load_single_safetensors:381 - Converted model.layers.9.mlp.up_proj.weight from bfloat16 to float32
Feb 14 01:02:06 gremlin-1 exo[1117701]: 2026-02-14 01:02:06.382 | DEBUG    | exo.worker.engines.tinygrad.model_loader:_load_single_safetensors:381 - Converted model.layers.9.post_attention_layernorm.weight from bfloat16 to float32
Feb 14 01:02:06 gremlin-1 exo[1117701]: 2026-02-14 01:02:06.388 | DEBUG    | exo.worker.engines.tinygrad.model_loader:_load_single_safetensors:381 - Converted model.layers.9.self_attn.k_proj.weight from bfloat16 to float32
Feb 14 01:02:06 gremlin-1 exo[1117701]: 2026-02-14 01:02:06.412 | DEBUG    | exo.worker.engines.tinygrad.model_loader:_load_single_safetensors:381 - Converted model.layers.9.self_attn.o_proj.weight from bfloat16 to float32
Feb 14 01:02:06 gremlin-1 exo[1117701]: 2026-02-14 01:02:06.438 | DEBUG    | exo.worker.engines.tinygrad.model_loader:_load_single_safetensors:381 - Converted model.layers.9.self_attn.q_proj.weight from bfloat16 to float32
Feb 14 01:02:06 gremlin-1 exo[1117701]: 2026-02-14 01:02:06.441 | DEBUG    | exo.worker.engines.tinygrad.model_loader:_load_single_safetensors:381 - Converted model.layers.9.self_attn.v_proj.weight from bfloat16 to float32
Feb 14 01:02:06 gremlin-1 exo[1117701]: 2026-02-14 01:02:06.441 | DEBUG    | exo.worker.engines.tinygrad.model_loader:_load_single_safetensors:389 - Loaded 187 weight tensors from /root/.local/share/exo/models/meta-llama--Llama-3.2-3B-Instruct/model-00001-of-00002.safetensors
Feb 14 01:02:06 gremlin-1 exo[1117701]: 2026-02-14 01:02:06.441 | DEBUG    | exo.worker.engines.tinygrad.llama_transformer:load_sharded_weights:2648 - Loaded shard 1/2
Feb 14 01:02:06 gremlin-1 exo[1117701]: 2026-02-14 01:02:06.441 | DEBUG    | exo.worker.engines.tinygrad.llama_transformer:load_sharded_weights:2631 - Loading shard 2/2
Feb 14 01:02:06 gremlin-1 exo[1117701]: 2026-02-14 01:02:06.442 | DEBUG    | exo.worker.engines.tinygrad.model_loader:_load_single_safetensors:381 - Converted model.layers.20.input_layernorm.weight from bfloat16 to float32
Feb 14 01:02:06 gremlin-1 exo[1117701]: 2026-02-14 01:02:06.526 | DEBUG    | exo.worker.engines.tinygrad.model_loader:_load_single_safetensors:381 - Converted model.layers.20.mlp.down_proj.weight from bfloat16 to float32
Feb 14 01:02:06 gremlin-1 exo[1117701]: 2026-02-14 01:02:06.533 | DEBUG    | exo.worker.engines.tinygrad.model_loader:_load_single_safetensors:381 - Converted model.layers.20.post_attention_layernorm.weight from bfloat16 to float32
Feb 14 01:02:06 gremlin-1 exo[1117701]: 2026-02-14 01:02:06.533 | DEBUG    | exo.worker.engines.tinygrad.model_loader:_load_single_safetensors:381 - Converted model.layers.21.input_layernorm.weight from bfloat16 to float32
Feb 14 01:02:06 gremlin-1 exo[1117701]: 2026-02-14 01:02:06.599 | DEBUG    | exo.worker.engines.tinygrad.model_loader:_load_single_safetensors:381 - Converted model.layers.21.mlp.down_proj.weight from bfloat16 to float32
Feb 14 01:02:06 gremlin-1 exo[1117701]: 2026-02-14 01:02:06.674 | DEBUG    | exo.worker.engines.tinygrad.model_loader:_load_single_safetensors:381 - Converted model.layers.21.mlp.gate_proj.weight from bfloat16 to float32
Feb 14 01:02:06 gremlin-1 exo[1117701]: 2026-02-14 01:02:06.753 | DEBUG    | exo.worker.engines.tinygrad.model_loader:_load_single_safetensors:381 - Converted model.layers.21.mlp.up_proj.weight from bfloat16 to float32
Feb 14 01:02:06 gremlin-1 exo[1117701]: 2026-02-14 01:02:06.760 | DEBUG    | exo.worker.engines.tinygrad.model_loader:_load_single_safetensors:381 - Converted model.layers.21.post_attention_layernorm.weight from bfloat16 to float32
Feb 14 01:02:06 gremlin-1 exo[1117701]: 2026-02-14 01:02:06.763 | DEBUG    | exo.worker.engines.tinygrad.model_loader:_load_single_safetensors:381 - Converted model.layers.21.self_attn.k_proj.weight from bfloat16 to float32
Feb 14 01:02:06 gremlin-1 exo[1117701]: 2026-02-14 01:02:06.777 | DEBUG    | exo.worker.engines.tinygrad.model_loader:_load_single_safetensors:381 - Converted model.layers.21.self_attn.o_proj.weight from bfloat16 to float32
Feb 14 01:02:06 gremlin-1 exo[1117701]: 2026-02-14 01:02:06.790 | DEBUG    | exo.worker.engines.tinygrad.model_loader:_load_single_safetensors:381 - Converted model.layers.21.self_attn.q_proj.weight from bfloat16 to float32
Feb 14 01:02:06 gremlin-1 exo[1117701]: 2026-02-14 01:02:06.793 | DEBUG    | exo.worker.engines.tinygrad.model_loader:_load_single_safetensors:381 - Converted model.layers.21.self_attn.v_proj.weight from bfloat16 to float32
Feb 14 01:02:06 gremlin-1 exo[1117701]: 2026-02-14 01:02:06.793 | DEBUG    | exo.worker.engines.tinygrad.model_loader:_load_single_safetensors:381 - Converted model.layers.22.input_layernorm.weight from bfloat16 to float32
Feb 14 01:02:06 gremlin-1 exo[1117701]: 2026-02-14 01:02:06.859 | DEBUG    | exo.worker.engines.tinygrad.model_loader:_load_single_safetensors:381 - Converted model.layers.22.mlp.down_proj.weight from bfloat16 to float32
Feb 14 01:02:06 gremlin-1 exo[1117701]: 2026-02-14 01:02:06.932 | DEBUG    | exo.worker.engines.tinygrad.model_loader:_load_single_safetensors:381 - Converted model.layers.22.mlp.gate_proj.weight from bfloat16 to float32
Feb 14 01:02:07 gremlin-1 exo[1117701]: 2026-02-14 01:02:07.017 | DEBUG    | exo.worker.engines.tinygrad.model_loader:_load_single_safetensors:381 - Converted model.layers.22.mlp.up_proj.weight from bfloat16 to float32
Feb 14 01:02:07 gremlin-1 exo[1117701]: 2026-02-14 01:02:07.024 | DEBUG    | exo.worker.engines.tinygrad.model_loader:_load_single_safetensors:381 - Converted model.layers.22.post_attention_layernorm.weight from bfloat16 to float32
Feb 14 01:02:07 gremlin-1 exo[1117701]: 2026-02-14 01:02:07.029 | DEBUG    | exo.worker.engines.tinygrad.model_loader:_load_single_safetensors:381 - Converted model.layers.22.self_attn.k_proj.weight from bfloat16 to float32
Feb 14 01:02:07 gremlin-1 exo[1117701]: 2026-02-14 01:02:07.067 | DEBUG    | exo.worker.engines.tinygrad.model_loader:_load_single_safetensors:381 - Converted model.layers.22.self_attn.o_proj.weight from bfloat16 to float32
Feb 14 01:02:07 gremlin-1 exo[1116617]: [ 01:02:07.097 | DEBUG    | exo.worker.main:_forward_events:339 ] Worker published event 101: NodeGatheredInfo(event_id='921cda7f-e070-4ddb-aadb-a32fc2d57d14' node_id='12D3KooWFqJJWdMdMqg7KvrGjx
Feb 14 01:02:07 gremlin-1 exo[1116617]: [ 01:02:07.098 | DEBUG    | exo.master.main:_event_processor:386 ] Master indexing event: NodeGatheredInfo(event_id='921cda7f-e070-4ddb-aadb-a32fc2d57d14' node_id='12D3KooWFqJJWdMdMqg7KvrGjx
Feb 14 01:02:07 gremlin-1 exo[1117701]: 2026-02-14 01:02:07.103 | DEBUG    | exo.worker.engines.tinygrad.model_loader:_load_single_safetensors:381 - Converted model.layers.22.self_attn.q_proj.weight from bfloat16 to float32
Feb 14 01:02:07 gremlin-1 exo[1117701]: 2026-02-14 01:02:07.106 | DEBUG    | exo.worker.engines.tinygrad.model_loader:_load_single_safetensors:381 - Converted model.layers.22.self_attn.v_proj.weight from bfloat16 to float32
Feb 14 01:02:07 gremlin-1 exo[1117701]: 2026-02-14 01:02:07.106 | DEBUG    | exo.worker.engines.tinygrad.model_loader:_load_single_safetensors:381 - Converted model.layers.23.input_layernorm.weight from bfloat16 to float32
Feb 14 01:02:07 gremlin-1 exo[1117701]: 2026-02-14 01:02:07.199 | DEBUG    | exo.worker.engines.tinygrad.model_loader:_load_single_safetensors:381 - Converted model.layers.23.mlp.down_proj.weight from bfloat16 to float32
Feb 14 01:02:07 gremlin-1 exo[1117701]: 2026-02-14 01:02:07.305 | DEBUG    | exo.worker.engines.tinygrad.model_loader:_load_single_safetensors:381 - Converted model.layers.23.mlp.gate_proj.weight from bfloat16 to float32
Feb 14 01:02:07 gremlin-1 exo[1116617]: [ 01:02:07.331 | DEBUG    | exo.master.api:_log_requests:199 ] API request: GET /state
Feb 14 01:02:07 gremlin-1 exo[1117701]: 2026-02-14 01:02:07.389 | DEBUG    | exo.worker.engines.tinygrad.model_loader:_load_single_safetensors:381 - Converted model.layers.23.mlp.up_proj.weight from bfloat16 to float32
Feb 14 01:02:07 gremlin-1 exo[1117701]: 2026-02-14 01:02:07.396 | DEBUG    | exo.worker.engines.tinygrad.model_loader:_load_single_safetensors:381 - Converted model.layers.23.post_attention_layernorm.weight from bfloat16 to float32
Feb 14 01:02:07 gremlin-1 exo[1117701]: 2026-02-14 01:02:07.400 | DEBUG    | exo.worker.engines.tinygrad.model_loader:_load_single_safetensors:381 - Converted model.layers.23.self_attn.k_proj.weight from bfloat16 to float32
Feb 14 01:02:07 gremlin-1 exo[1117701]: 2026-02-14 01:02:07.417 | DEBUG    | exo.worker.engines.tinygrad.model_loader:_load_single_safetensors:381 - Converted model.layers.23.self_attn.o_proj.weight from bfloat16 to float32
Feb 14 01:02:07 gremlin-1 exo[1117701]: 2026-02-14 01:02:07.446 | DEBUG    | exo.worker.engines.tinygrad.model_loader:_load_single_safetensors:381 - Converted model.layers.23.self_attn.q_proj.weight from bfloat16 to float32
Feb 14 01:02:07 gremlin-1 exo[1117701]: 2026-02-14 01:02:07.452 | DEBUG    | exo.worker.engines.tinygrad.model_loader:_load_single_safetensors:381 - Converted model.layers.23.self_attn.v_proj.weight from bfloat16 to float32
Feb 14 01:02:07 gremlin-1 exo[1117701]: 2026-02-14 01:02:07.453 | DEBUG    | exo.worker.engines.tinygrad.model_loader:_load_single_safetensors:381 - Converted model.layers.24.input_layernorm.weight from bfloat16 to float32
Feb 14 01:02:07 gremlin-1 exo[1117701]: 2026-02-14 01:02:07.525 | DEBUG    | exo.worker.engines.tinygrad.model_loader:_load_single_safetensors:381 - Converted model.layers.24.mlp.down_proj.weight from bfloat16 to float32
Feb 14 01:02:07 gremlin-1 exo[1117701]: 2026-02-14 01:02:07.687 | DEBUG    | exo.worker.engines.tinygrad.model_loader:_load_single_safetensors:381 - Converted model.layers.24.mlp.gate_proj.weight from bfloat16 to float32
Feb 14 01:02:07 gremlin-1 exo[1117701]: 2026-02-14 01:02:07.939 | DEBUG    | exo.worker.engines.tinygrad.model_loader:_load_single_safetensors:381 - Converted model.layers.24.mlp.up_proj.weight from bfloat16 to float32
Feb 14 01:02:07 gremlin-1 exo[1117701]: 2026-02-14 01:02:07.946 | DEBUG    | exo.worker.engines.tinygrad.model_loader:_load_single_safetensors:381 - Converted model.layers.24.post_attention_layernorm.weight from bfloat16 to float32
Feb 14 01:02:07 gremlin-1 exo[1117701]: 2026-02-14 01:02:07.954 | DEBUG    | exo.worker.engines.tinygrad.model_loader:_load_single_safetensors:381 - Converted model.layers.24.self_attn.k_proj.weight from bfloat16 to float32
Feb 14 01:02:08 gremlin-1 exo[1117701]: 2026-02-14 01:02:08.013 | DEBUG    | exo.worker.engines.tinygrad.model_loader:_load_single_safetensors:381 - Converted model.layers.24.self_attn.o_proj.weight from bfloat16 to float32
Feb 14 01:02:08 gremlin-1 exo[1117701]: 2026-02-14 01:02:08.066 | DEBUG    | exo.worker.engines.tinygrad.model_loader:_load_single_safetensors:381 - Converted model.layers.24.self_attn.q_proj.weight from bfloat16 to float32
Feb 14 01:02:08 gremlin-1 exo[1117701]: 2026-02-14 01:02:08.095 | DEBUG    | exo.worker.engines.tinygrad.model_loader:_load_single_safetensors:381 - Converted model.layers.24.self_attn.v_proj.weight from bfloat16 to float32
Feb 14 01:02:08 gremlin-1 exo[1117701]: 2026-02-14 01:02:08.095 | DEBUG    | exo.worker.engines.tinygrad.model_loader:_load_single_safetensors:381 - Converted model.layers.25.input_layernorm.weight from bfloat16 to float32
Feb 14 01:02:08 gremlin-1 exo[1116617]: [ 01:02:08.099 | DEBUG    | exo.worker.main:_forward_events:339 ] Worker published event 102: NodeGatheredInfo(event_id='44bcbd62-c3c5-4e7e-8a1f-99089c0b096e' node_id='12D3KooWFqJJWdMdMqg7KvrGjx
Feb 14 01:02:08 gremlin-1 exo[1116617]: [ 01:02:08.100 | DEBUG    | exo.master.main:_event_processor:386 ] Master indexing event: NodeGatheredInfo(event_id='44bcbd62-c3c5-4e7e-8a1f-99089c0b096e' node_id='12D3KooWFqJJWdMdMqg7KvrGjx
Feb 14 01:02:08 gremlin-1 exo[1117701]: 2026-02-14 01:02:08.237 | DEBUG    | exo.worker.engines.tinygrad.model_loader:_load_single_safetensors:381 - Converted model.layers.25.mlp.down_proj.weight from bfloat16 to float32
Feb 14 01:02:08 gremlin-1 exo[1116617]: [ 01:02:08.346 | DEBUG    | exo.master.api:_log_requests:199 ] API request: GET /state
Feb 14 01:02:08 gremlin-1 exo[1117701]: 2026-02-14 01:02:08.387 | DEBUG    | exo.worker.engines.tinygrad.model_loader:_load_single_safetensors:381 - Converted model.layers.25.mlp.gate_proj.weight from bfloat16 to float32
Feb 14 01:02:08 gremlin-1 exo[1117701]: 2026-02-14 01:02:08.655 | DEBUG    | exo.worker.engines.tinygrad.model_loader:_load_single_safetensors:381 - Converted model.layers.25.mlp.up_proj.weight from bfloat16 to float32
Feb 14 01:02:08 gremlin-1 exo[1117701]: 2026-02-14 01:02:08.662 | DEBUG    | exo.worker.engines.tinygrad.model_loader:_load_single_safetensors:381 - Converted model.layers.25.post_attention_layernorm.weight from bfloat16 to float32
Feb 14 01:02:08 gremlin-1 exo[1117701]: 2026-02-14 01:02:08.676 | DEBUG    | exo.worker.engines.tinygrad.model_loader:_load_single_safetensors:381 - Converted model.layers.25.self_attn.k_proj.weight from bfloat16 to float32
Feb 14 01:02:08 gremlin-1 exo[1117701]: 2026-02-14 01:02:08.732 | DEBUG    | exo.worker.engines.tinygrad.model_loader:_load_single_safetensors:381 - Converted model.layers.25.self_attn.o_proj.weight from bfloat16 to float32
Feb 14 01:02:08 gremlin-1 exo[1117701]: 2026-02-14 01:02:08.798 | DEBUG    | exo.worker.engines.tinygrad.model_loader:_load_single_safetensors:381 - Converted model.layers.25.self_attn.q_proj.weight from bfloat16 to float32
Feb 14 01:02:08 gremlin-1 exo[1117701]: 2026-02-14 01:02:08.801 | DEBUG    | exo.worker.engines.tinygrad.model_loader:_load_single_safetensors:381 - Converted model.layers.25.self_attn.v_proj.weight from bfloat16 to float32
Feb 14 01:02:08 gremlin-1 exo[1117701]: 2026-02-14 01:02:08.801 | DEBUG    | exo.worker.engines.tinygrad.model_loader:_load_single_safetensors:381 - Converted model.layers.26.input_layernorm.weight from bfloat16 to float32
Feb 14 01:02:08 gremlin-1 exo[1117701]: 2026-02-14 01:02:08.955 | DEBUG    | exo.worker.engines.tinygrad.model_loader:_load_single_safetensors:381 - Converted model.layers.26.mlp.down_proj.weight from bfloat16 to float32
Feb 14 01:02:09 gremlin-1 exo[1116617]: [ 01:02:09.100 | DEBUG    | exo.worker.main:_forward_events:339 ] Worker published event 103: NodeGatheredInfo(event_id='8a941d2e-5b8d-4528-8fd2-78afd8bb8972' node_id='12D3KooWFqJJWdMdMqg7KvrGjx
Feb 14 01:02:09 gremlin-1 exo[1116617]: [ 01:02:09.101 | DEBUG    | exo.master.main:_event_processor:386 ] Master indexing event: NodeGatheredInfo(event_id='8a941d2e-5b8d-4528-8fd2-78afd8bb8972' node_id='12D3KooWFqJJWdMdMqg7KvrGjx
Feb 14 01:02:09 gremlin-1 exo[1116617]: [ 01:02:09.347 | DEBUG    | exo.master.api:_log_requests:199 ] API request: GET /state
Feb 14 01:02:09 gremlin-1 exo[1117701]: 2026-02-14 01:02:09.371 | DEBUG    | exo.worker.engines.tinygrad.model_loader:_load_single_safetensors:381 - Converted model.layers.26.mlp.gate_proj.weight from bfloat16 to float32
Feb 14 01:02:09 gremlin-1 exo[1117701]: 2026-02-14 01:02:09.566 | DEBUG    | exo.worker.engines.tinygrad.model_loader:_load_single_safetensors:381 - Converted model.layers.26.mlp.up_proj.weight from bfloat16 to float32
Feb 14 01:02:09 gremlin-1 exo[1117701]: 2026-02-14 01:02:09.573 | DEBUG    | exo.worker.engines.tinygrad.model_loader:_load_single_safetensors:381 - Converted model.layers.26.post_attention_layernorm.weight from bfloat16 to float32
Feb 14 01:02:09 gremlin-1 exo[1117701]: 2026-02-14 01:02:09.576 | DEBUG    | exo.worker.engines.tinygrad.model_loader:_load_single_safetensors:381 - Converted model.layers.26.self_attn.k_proj.weight from bfloat16 to float32
Feb 14 01:02:09 gremlin-1 exo[1117701]: 2026-02-14 01:02:09.628 | DEBUG    | exo.worker.engines.tinygrad.model_loader:_load_single_safetensors:381 - Converted model.layers.26.self_attn.o_proj.weight from bfloat16 to float32
Feb 14 01:02:09 gremlin-1 exo[1117701]: 2026-02-14 01:02:09.680 | DEBUG    | exo.worker.engines.tinygrad.model_loader:_load_single_safetensors:381 - Converted model.layers.26.self_attn.q_proj.weight from bfloat16 to float32
Feb 14 01:02:09 gremlin-1 exo[1117701]: 2026-02-14 01:02:09.683 | DEBUG    | exo.worker.engines.tinygrad.model_loader:_load_single_safetensors:381 - Converted model.layers.26.self_attn.v_proj.weight from bfloat16 to float32
Feb 14 01:02:09 gremlin-1 exo[1117701]: 2026-02-14 01:02:09.683 | DEBUG    | exo.worker.engines.tinygrad.model_loader:_load_single_safetensors:381 - Converted model.layers.27.input_layernorm.weight from bfloat16 to float32
Feb 14 01:02:09 gremlin-1 exo[1117701]: 2026-02-14 01:02:09.883 | DEBUG    | exo.worker.engines.tinygrad.model_loader:_load_single_safetensors:381 - Converted model.layers.27.mlp.down_proj.weight from bfloat16 to float32
Feb 14 01:02:10 gremlin-1 exo[1117701]: 2026-02-14 01:02:10.090 | DEBUG    | exo.worker.engines.tinygrad.model_loader:_load_single_safetensors:381 - Converted model.layers.27.mlp.gate_proj.weight from bfloat16 to float32
Feb 14 01:02:10 gremlin-1 exo[1116617]: [ 01:02:10.101 | DEBUG    | exo.worker.main:_forward_events:339 ] Worker published event 104: NodeGatheredInfo(event_id='eb12d02c-dc11-4f87-83dd-e8fa074bbb8c' node_id='12D3KooWFqJJWdMdMqg7KvrGjx
Feb 14 01:02:10 gremlin-1 exo[1116617]: [ 01:02:10.102 | DEBUG    | exo.master.main:_event_processor:386 ] Master indexing event: NodeGatheredInfo(event_id='eb12d02c-dc11-4f87-83dd-e8fa074bbb8c' node_id='12D3KooWFqJJWdMdMqg7KvrGjx
Feb 14 01:02:10 gremlin-1 exo[1117701]: 2026-02-14 01:02:10.336 | DEBUG    | exo.worker.engines.tinygrad.model_loader:_load_single_safetensors:381 - Converted model.layers.27.mlp.up_proj.weight from bfloat16 to float32
Feb 14 01:02:10 gremlin-1 exo[1117701]: 2026-02-14 01:02:10.343 | DEBUG    | exo.worker.engines.tinygrad.model_loader:_load_single_safetensors:381 - Converted model.layers.27.post_attention_layernorm.weight from bfloat16 to float32
Feb 14 01:02:10 gremlin-1 exo[1117701]: 2026-02-14 01:02:10.369 | DEBUG    | exo.worker.engines.tinygrad.model_loader:_load_single_safetensors:381 - Converted model.layers.27.self_attn.k_proj.weight from bfloat16 to float32
Feb 14 01:02:10 gremlin-1 exo[1116617]: [ 01:02:10.423 | DEBUG    | exo.master.api:_log_requests:199 ] API request: GET /state
Feb 14 01:02:10 gremlin-1 exo[1117701]: 2026-02-14 01:02:10.432 | DEBUG    | exo.worker.engines.tinygrad.model_loader:_load_single_safetensors:381 - Converted model.layers.27.self_attn.o_proj.weight from bfloat16 to float32
Feb 14 01:02:10 gremlin-1 exo[1117701]: 2026-02-14 01:02:10.484 | DEBUG    | exo.worker.engines.tinygrad.model_loader:_load_single_safetensors:381 - Converted model.layers.27.self_attn.q_proj.weight from bfloat16 to float32
Feb 14 01:02:10 gremlin-1 exo[1117701]: 2026-02-14 01:02:10.487 | DEBUG    | exo.worker.engines.tinygrad.model_loader:_load_single_safetensors:381 - Converted model.layers.27.self_attn.v_proj.weight from bfloat16 to float32
Feb 14 01:02:10 gremlin-1 exo[1117701]: 2026-02-14 01:02:10.487 | DEBUG    | exo.worker.engines.tinygrad.model_loader:_load_single_safetensors:381 - Converted model.norm.weight from bfloat16 to float32
Feb 14 01:02:10 gremlin-1 exo[1117701]: 2026-02-14 01:02:10.487 | DEBUG    | exo.worker.engines.tinygrad.model_loader:_load_single_safetensors:389 - Loaded 67 weight tensors from /root/.local/share/exo/models/meta-llama--Llama-3.2-3B-Instruct/model-00002-of-00002.safetensors
Feb 14 01:02:10 gremlin-1 exo[1117701]: 2026-02-14 01:02:10.487 | DEBUG    | exo.worker.engines.tinygrad.llama_transformer:load_sharded_weights:2648 - Loaded shard 2/2
Feb 14 01:02:10 gremlin-1 exo[1117701]: 2026-02-14 01:02:10.487 | INFO     | exo.worker.engines.tinygrad.llama_transformer:load_sharded_weights:2660 - Sharded model loading complete
Feb 14 01:02:10 gremlin-1 exo[1117701]: 2026-02-14 01:02:10.487 | DEBUG    | exo.worker.engines.tinygrad.model_loader:_create_model_with_weights:483 - Creating model with weights
Feb 14 01:02:10 gremlin-1 exo[1117701]: 2026-02-14 01:02:10.488 | DEBUG    | exo.worker.engines.tinygrad.llama_transformer:validate_config:429 - Configuration validation passed
Feb 14 01:02:10 gremlin-1 exo[1117701]: 2026-02-14 01:02:10.488 | INFO     | exo.worker.engines.tinygrad.llama_transformer:get_default_config:473 - Using default config for 3B model
Feb 14 01:02:10 gremlin-1 exo[1117701]: 2026-02-14 01:02:10.488 | INFO     | exo.worker.engines.tinygrad.model_loader:_create_model_with_weights:505 - Using default config for 3B
Feb 14 01:02:10 gremlin-1 exo[1117701]: 2026-02-14 01:02:10.917 | DEBUG    | exo.worker.engines.tinygrad.llama_transformer:_compute_cos_sin_cache:808 - Computed RoPE cache
Feb 14 01:02:10 gremlin-1 exo[1117701]: 2026-02-14 01:02:10.918 | DEBUG    | exo.worker.engines.tinygrad.llama_transformer:__init__:757 - Initialized RotaryEmbedding
Feb 14 01:02:10 gremlin-1 exo[1117701]: 2026-02-14 01:02:10.918 | DEBUG    | exo.worker.engines.tinygrad.llama_transformer:__init__:1048 - Initialized Attention layer
Feb 14 01:02:10 gremlin-1 exo[1117701]: 2026-02-14 01:02:10.918 | DEBUG    | exo.worker.engines.tinygrad.llama_transformer:__init__:1329 - Initialized MLP layer
Feb 14 01:02:10 gremlin-1 exo[1117701]: 2026-02-14 01:02:10.918 | DEBUG    | exo.worker.engines.tinygrad.llama_transformer:__init__:1456 - Initialized TransformerLayer
Feb 14 01:02:10 gremlin-1 exo[1117701]: 2026-02-14 01:02:10.926 | DEBUG    | exo.worker.engines.tinygrad.llama_transformer:_compute_cos_sin_cache:808 - Computed RoPE cache
Feb 14 01:02:10 gremlin-1 exo[1117701]: 2026-02-14 01:02:10.926 | DEBUG    | exo.worker.engines.tinygrad.llama_transformer:__init__:757 - Initialized RotaryEmbedding
Feb 14 01:02:10 gremlin-1 exo[1117701]: 2026-02-14 01:02:10.927 | DEBUG    | exo.worker.engines.tinygrad.llama_transformer:__init__:1048 - Initialized Attention layer
Feb 14 01:02:10 gremlin-1 exo[1117701]: 2026-02-14 01:02:10.927 | DEBUG    | exo.worker.engines.tinygrad.llama_transformer:__init__:1329 - Initialized MLP layer
Feb 14 01:02:10 gremlin-1 exo[1117701]: 2026-02-14 01:02:10.927 | DEBUG    | exo.worker.engines.tinygrad.llama_transformer:__init__:1456 - Initialized TransformerLayer
Feb 14 01:02:10 gremlin-1 exo[1117701]: 2026-02-14 01:02:10.936 | DEBUG    | exo.worker.engines.tinygrad.llama_transformer:_compute_cos_sin_cache:808 - Computed RoPE cache
Feb 14 01:02:10 gremlin-1 exo[1117701]: 2026-02-14 01:02:10.936 | DEBUG    | exo.worker.engines.tinygrad.llama_transformer:__init__:757 - Initialized RotaryEmbedding
Feb 14 01:02:10 gremlin-1 exo[1117701]: 2026-02-14 01:02:10.936 | DEBUG    | exo.worker.engines.tinygrad.llama_transformer:__init__:1048 - Initialized Attention layer
Feb 14 01:02:10 gremlin-1 exo[1117701]: 2026-02-14 01:02:10.936 | DEBUG    | exo.worker.engines.tinygrad.llama_transformer:__init__:1329 - Initialized MLP layer
Feb 14 01:02:10 gremlin-1 exo[1117701]: 2026-02-14 01:02:10.936 | DEBUG    | exo.worker.engines.tinygrad.llama_transformer:__init__:1456 - Initialized TransformerLayer
Feb 14 01:02:10 gremlin-1 exo[1117701]: 2026-02-14 01:02:10.952 | DEBUG    | exo.worker.engines.tinygrad.llama_transformer:_compute_cos_sin_cache:808 - Computed RoPE cache
Feb 14 01:02:10 gremlin-1 exo[1117701]: 2026-02-14 01:02:10.952 | DEBUG    | exo.worker.engines.tinygrad.llama_transformer:__init__:757 - Initialized RotaryEmbedding
Feb 14 01:02:10 gremlin-1 exo[1117701]: 2026-02-14 01:02:10.952 | DEBUG    | exo.worker.engines.tinygrad.llama_transformer:__init__:1048 - Initialized Attention layer
Feb 14 01:02:10 gremlin-1 exo[1117701]: 2026-02-14 01:02:10.952 | DEBUG    | exo.worker.engines.tinygrad.llama_transformer:__init__:1329 - Initialized MLP layer
Feb 14 01:02:10 gremlin-1 exo[1117701]: 2026-02-14 01:02:10.952 | DEBUG    | exo.worker.engines.tinygrad.llama_transformer:__init__:1456 - Initialized TransformerLayer
Feb 14 01:02:10 gremlin-1 exo[1117701]: 2026-02-14 01:02:10.978 | DEBUG    | exo.worker.engines.tinygrad.llama_transformer:_compute_cos_sin_cache:808 - Computed RoPE cache
Feb 14 01:02:10 gremlin-1 exo[1117701]: 2026-02-14 01:02:10.978 | DEBUG    | exo.worker.engines.tinygrad.llama_transformer:__init__:757 - Initialized RotaryEmbedding
Feb 14 01:02:10 gremlin-1 exo[1117701]: 2026-02-14 01:02:10.978 | DEBUG    | exo.worker.engines.tinygrad.llama_transformer:__init__:1048 - Initialized Attention layer
Feb 14 01:02:10 gremlin-1 exo[1117701]: 2026-02-14 01:02:10.979 | DEBUG    | exo.worker.engines.tinygrad.llama_transformer:__init__:1329 - Initialized MLP layer
Feb 14 01:02:10 gremlin-1 exo[1117701]: 2026-02-14 01:02:10.979 | DEBUG    | exo.worker.engines.tinygrad.llama_transformer:__init__:1456 - Initialized TransformerLayer
Feb 14 01:02:11 gremlin-1 exo[1117701]: 2026-02-14 01:02:11.006 | DEBUG    | exo.worker.engines.tinygrad.llama_transformer:_compute_cos_sin_cache:808 - Computed RoPE cache
Feb 14 01:02:11 gremlin-1 exo[1117701]: 2026-02-14 01:02:11.006 | DEBUG    | exo.worker.engines.tinygrad.llama_transformer:__init__:757 - Initialized RotaryEmbedding
Feb 14 01:02:11 gremlin-1 exo[1117701]: 2026-02-14 01:02:11.007 | DEBUG    | exo.worker.engines.tinygrad.llama_transformer:__init__:1048 - Initialized Attention layer
Feb 14 01:02:11 gremlin-1 exo[1117701]: 2026-02-14 01:02:11.007 | DEBUG    | exo.worker.engines.tinygrad.llama_transformer:__init__:1329 - Initialized MLP layer
Feb 14 01:02:11 gremlin-1 exo[1117701]: 2026-02-14 01:02:11.007 | DEBUG    | exo.worker.engines.tinygrad.llama_transformer:__init__:1456 - Initialized TransformerLayer
Feb 14 01:02:11 gremlin-1 exo[1117701]: 2026-02-14 01:02:11.023 | DEBUG    | exo.worker.engines.tinygrad.llama_transformer:_compute_cos_sin_cache:808 - Computed RoPE cache
Feb 14 01:02:11 gremlin-1 exo[1117701]: 2026-02-14 01:02:11.023 | DEBUG    | exo.worker.engines.tinygrad.llama_transformer:__init__:757 - Initialized RotaryEmbedding
Feb 14 01:02:11 gremlin-1 exo[1117701]: 2026-02-14 01:02:11.023 | DEBUG    | exo.worker.engines.tinygrad.llama_transformer:__init__:1048 - Initialized Attention layer
Feb 14 01:02:11 gremlin-1 exo[1117701]: 2026-02-14 01:02:11.023 | DEBUG    | exo.worker.engines.tinygrad.llama_transformer:__init__:1329 - Initialized MLP layer
Feb 14 01:02:11 gremlin-1 exo[1117701]: 2026-02-14 01:02:11.024 | DEBUG    | exo.worker.engines.tinygrad.llama_transformer:__init__:1456 - Initialized TransformerLayer
Feb 14 01:02:11 gremlin-1 exo[1117701]: 2026-02-14 01:02:11.038 | DEBUG    | exo.worker.engines.tinygrad.llama_transformer:_compute_cos_sin_cache:808 - Computed RoPE cache
Feb 14 01:02:11 gremlin-1 exo[1117701]: 2026-02-14 01:02:11.039 | DEBUG    | exo.worker.engines.tinygrad.llama_transformer:__init__:757 - Initialized RotaryEmbedding
Feb 14 01:02:11 gremlin-1 exo[1117701]: 2026-02-14 01:02:11.039 | DEBUG    | exo.worker.engines.tinygrad.llama_transformer:__init__:1048 - Initialized Attention layer
Feb 14 01:02:11 gremlin-1 exo[1117701]: 2026-02-14 01:02:11.039 | DEBUG    | exo.worker.engines.tinygrad.llama_transformer:__init__:1329 - Initialized MLP layer
Feb 14 01:02:11 gremlin-1 exo[1117701]: 2026-02-14 01:02:11.039 | DEBUG    | exo.worker.engines.tinygrad.llama_transformer:__init__:1456 - Initialized TransformerLayer
Feb 14 01:02:11 gremlin-1 exo[1117701]: 2026-02-14 01:02:11.053 | DEBUG    | exo.worker.engines.tinygrad.llama_transformer:_compute_cos_sin_cache:808 - Computed RoPE cache
Feb 14 01:02:11 gremlin-1 exo[1117701]: 2026-02-14 01:02:11.054 | DEBUG    | exo.worker.engines.tinygrad.llama_transformer:__init__:757 - Initialized RotaryEmbedding
Feb 14 01:02:11 gremlin-1 exo[1117701]: 2026-02-14 01:02:11.054 | DEBUG    | exo.worker.engines.tinygrad.llama_transformer:__init__:1048 - Initialized Attention layer
Feb 14 01:02:11 gremlin-1 exo[1117701]: 2026-02-14 01:02:11.054 | DEBUG    | exo.worker.engines.tinygrad.llama_transformer:__init__:1329 - Initialized MLP layer
Feb 14 01:02:11 gremlin-1 exo[1117701]: 2026-02-14 01:02:11.054 | DEBUG    | exo.worker.engines.tinygrad.llama_transformer:__init__:1456 - Initialized TransformerLayer
Feb 14 01:02:11 gremlin-1 exo[1117701]: 2026-02-14 01:02:11.069 | DEBUG    | exo.worker.engines.tinygrad.llama_transformer:_compute_cos_sin_cache:808 - Computed RoPE cache
Feb 14 01:02:11 gremlin-1 exo[1117701]: 2026-02-14 01:02:11.069 | DEBUG    | exo.worker.engines.tinygrad.llama_transformer:__init__:757 - Initialized RotaryEmbedding
Feb 14 01:02:11 gremlin-1 exo[1117701]: 2026-02-14 01:02:11.069 | DEBUG    | exo.worker.engines.tinygrad.llama_transformer:__init__:1048 - Initialized Attention layer
Feb 14 01:02:11 gremlin-1 exo[1117701]: 2026-02-14 01:02:11.070 | DEBUG    | exo.worker.engines.tinygrad.llama_transformer:__init__:1329 - Initialized MLP layer
Feb 14 01:02:11 gremlin-1 exo[1117701]: 2026-02-14 01:02:11.070 | DEBUG    | exo.worker.engines.tinygrad.llama_transformer:__init__:1456 - Initialized TransformerLayer
Feb 14 01:02:11 gremlin-1 exo[1117701]: 2026-02-14 01:02:11.086 | DEBUG    | exo.worker.engines.tinygrad.llama_transformer:_compute_cos_sin_cache:808 - Computed RoPE cache
Feb 14 01:02:11 gremlin-1 exo[1117701]: 2026-02-14 01:02:11.086 | DEBUG    | exo.worker.engines.tinygrad.llama_transformer:__init__:757 - Initialized RotaryEmbedding
Feb 14 01:02:11 gremlin-1 exo[1117701]: 2026-02-14 01:02:11.086 | DEBUG    | exo.worker.engines.tinygrad.llama_transformer:__init__:1048 - Initialized Attention layer
Feb 14 01:02:11 gremlin-1 exo[1117701]: 2026-02-14 01:02:11.086 | DEBUG    | exo.worker.engines.tinygrad.llama_transformer:__init__:1329 - Initialized MLP layer
Feb 14 01:02:11 gremlin-1 exo[1117701]: 2026-02-14 01:02:11.086 | DEBUG    | exo.worker.engines.tinygrad.llama_transformer:__init__:1456 - Initialized TransformerLayer
Feb 14 01:02:11 gremlin-1 exo[1117701]: 2026-02-14 01:02:11.102 | DEBUG    | exo.worker.engines.tinygrad.llama_transformer:_compute_cos_sin_cache:808 - Computed RoPE cache
Feb 14 01:02:11 gremlin-1 exo[1117701]: 2026-02-14 01:02:11.102 | DEBUG    | exo.worker.engines.tinygrad.llama_transformer:__init__:757 - Initialized RotaryEmbedding
Feb 14 01:02:11 gremlin-1 exo[1117701]: 2026-02-14 01:02:11.102 | DEBUG    | exo.worker.engines.tinygrad.llama_transformer:__init__:1048 - Initialized Attention layer
Feb 14 01:02:11 gremlin-1 exo[1117701]: 2026-02-14 01:02:11.103 | DEBUG    | exo.worker.engines.tinygrad.llama_transformer:__init__:1329 - Initialized MLP layer
Feb 14 01:02:11 gremlin-1 exo[1117701]: 2026-02-14 01:02:11.103 | DEBUG    | exo.worker.engines.tinygrad.llama_transformer:__init__:1456 - Initialized TransformerLayer
Feb 14 01:02:11 gremlin-1 exo[1116617]: [ 01:02:11.101 | DEBUG    | exo.worker.main:_forward_events:339 ] Worker published event 105: NodeGatheredInfo(event_id='83842888-1c92-4326-acc1-2c97fd155e5d' node_id='12D3KooWFqJJWdMdMqg7KvrGjx
Feb 14 01:02:11 gremlin-1 exo[1116617]: [ 01:02:11.102 | DEBUG    | exo.master.main:_event_processor:386 ] Master indexing event: NodeGatheredInfo(event_id='83842888-1c92-4326-acc1-2c97fd155e5d' node_id='12D3KooWFqJJWdMdMqg7KvrGjx
Feb 14 01:02:11 gremlin-1 exo[1117701]: 2026-02-14 01:02:11.119 | DEBUG    | exo.worker.engines.tinygrad.llama_transformer:_compute_cos_sin_cache:808 - Computed RoPE cache
Feb 14 01:02:11 gremlin-1 exo[1117701]: 2026-02-14 01:02:11.119 | DEBUG    | exo.worker.engines.tinygrad.llama_transformer:__init__:757 - Initialized RotaryEmbedding
Feb 14 01:02:11 gremlin-1 exo[1117701]: 2026-02-14 01:02:11.119 | DEBUG    | exo.worker.engines.tinygrad.llama_transformer:__init__:1048 - Initialized Attention layer
Feb 14 01:02:11 gremlin-1 exo[1117701]: 2026-02-14 01:02:11.120 | DEBUG    | exo.worker.engines.tinygrad.llama_transformer:__init__:1329 - Initialized MLP layer
Feb 14 01:02:11 gremlin-1 exo[1117701]: 2026-02-14 01:02:11.120 | DEBUG    | exo.worker.engines.tinygrad.llama_transformer:__init__:1456 - Initialized TransformerLayer
Feb 14 01:02:11 gremlin-1 exo[1117701]: 2026-02-14 01:02:11.135 | DEBUG    | exo.worker.engines.tinygrad.llama_transformer:_compute_cos_sin_cache:808 - Computed RoPE cache
Feb 14 01:02:11 gremlin-1 exo[1117701]: 2026-02-14 01:02:11.135 | DEBUG    | exo.worker.engines.tinygrad.llama_transformer:__init__:757 - Initialized RotaryEmbedding
Feb 14 01:02:11 gremlin-1 exo[1117701]: 2026-02-14 01:02:11.135 | DEBUG    | exo.worker.engines.tinygrad.llama_transformer:__init__:1048 - Initialized Attention layer
Feb 14 01:02:11 gremlin-1 exo[1117701]: 2026-02-14 01:02:11.136 | DEBUG    | exo.worker.engines.tinygrad.llama_transformer:__init__:1329 - Initialized MLP layer
Feb 14 01:02:11 gremlin-1 exo[1117701]: 2026-02-14 01:02:11.136 | DEBUG    | exo.worker.engines.tinygrad.llama_transformer:__init__:1456 - Initialized TransformerLayer
Feb 14 01:02:11 gremlin-1 exo[1117701]: 2026-02-14 01:02:11.150 | DEBUG    | exo.worker.engines.tinygrad.llama_transformer:_compute_cos_sin_cache:808 - Computed RoPE cache
Feb 14 01:02:11 gremlin-1 exo[1117701]: 2026-02-14 01:02:11.150 | DEBUG    | exo.worker.engines.tinygrad.llama_transformer:__init__:757 - Initialized RotaryEmbedding
Feb 14 01:02:11 gremlin-1 exo[1117701]: 2026-02-14 01:02:11.150 | DEBUG    | exo.worker.engines.tinygrad.llama_transformer:__init__:1048 - Initialized Attention layer
Feb 14 01:02:11 gremlin-1 exo[1117701]: 2026-02-14 01:02:11.151 | DEBUG    | exo.worker.engines.tinygrad.llama_transformer:__init__:1329 - Initialized MLP layer
Feb 14 01:02:11 gremlin-1 exo[1117701]: 2026-02-14 01:02:11.151 | DEBUG    | exo.worker.engines.tinygrad.llama_transformer:__init__:1456 - Initialized TransformerLayer
Feb 14 01:02:11 gremlin-1 exo[1117701]: 2026-02-14 01:02:11.167 | DEBUG    | exo.worker.engines.tinygrad.llama_transformer:_compute_cos_sin_cache:808 - Computed RoPE cache
Feb 14 01:02:11 gremlin-1 exo[1117701]: 2026-02-14 01:02:11.167 | DEBUG    | exo.worker.engines.tinygrad.llama_transformer:__init__:757 - Initialized RotaryEmbedding
Feb 14 01:02:11 gremlin-1 exo[1117701]: 2026-02-14 01:02:11.167 | DEBUG    | exo.worker.engines.tinygrad.llama_transformer:__init__:1048 - Initialized Attention layer
Feb 14 01:02:11 gremlin-1 exo[1117701]: 2026-02-14 01:02:11.167 | DEBUG    | exo.worker.engines.tinygrad.llama_transformer:__init__:1329 - Initialized MLP layer
Feb 14 01:02:11 gremlin-1 exo[1117701]: 2026-02-14 01:02:11.167 | DEBUG    | exo.worker.engines.tinygrad.llama_transformer:__init__:1456 - Initialized TransformerLayer
Feb 14 01:02:11 gremlin-1 exo[1117701]: 2026-02-14 01:02:11.182 | DEBUG    | exo.worker.engines.tinygrad.llama_transformer:_compute_cos_sin_cache:808 - Computed RoPE cache
Feb 14 01:02:11 gremlin-1 exo[1117701]: 2026-02-14 01:02:11.182 | DEBUG    | exo.worker.engines.tinygrad.llama_transformer:__init__:757 - Initialized RotaryEmbedding
Feb 14 01:02:11 gremlin-1 exo[1117701]: 2026-02-14 01:02:11.182 | DEBUG    | exo.worker.engines.tinygrad.llama_transformer:__init__:1048 - Initialized Attention layer
Feb 14 01:02:11 gremlin-1 exo[1117701]: 2026-02-14 01:02:11.183 | DEBUG    | exo.worker.engines.tinygrad.llama_transformer:__init__:1329 - Initialized MLP layer
Feb 14 01:02:11 gremlin-1 exo[1117701]: 2026-02-14 01:02:11.183 | DEBUG    | exo.worker.engines.tinygrad.llama_transformer:__init__:1456 - Initialized TransformerLayer
Feb 14 01:02:11 gremlin-1 exo[1117701]: 2026-02-14 01:02:11.198 | DEBUG    | exo.worker.engines.tinygrad.llama_transformer:_compute_cos_sin_cache:808 - Computed RoPE cache
Feb 14 01:02:11 gremlin-1 exo[1117701]: 2026-02-14 01:02:11.198 | DEBUG    | exo.worker.engines.tinygrad.llama_transformer:__init__:757 - Initialized RotaryEmbedding
Feb 14 01:02:11 gremlin-1 exo[1117701]: 2026-02-14 01:02:11.198 | DEBUG    | exo.worker.engines.tinygrad.llama_transformer:__init__:1048 - Initialized Attention layer
Feb 14 01:02:11 gremlin-1 exo[1117701]: 2026-02-14 01:02:11.199 | DEBUG    | exo.worker.engines.tinygrad.llama_transformer:__init__:1329 - Initialized MLP layer
Feb 14 01:02:11 gremlin-1 exo[1117701]: 2026-02-14 01:02:11.199 | DEBUG    | exo.worker.engines.tinygrad.llama_transformer:__init__:1456 - Initialized TransformerLayer
Feb 14 01:02:11 gremlin-1 exo[1117701]: 2026-02-14 01:02:11.213 | DEBUG    | exo.worker.engines.tinygrad.llama_transformer:_compute_cos_sin_cache:808 - Computed RoPE cache
Feb 14 01:02:11 gremlin-1 exo[1117701]: 2026-02-14 01:02:11.213 | DEBUG    | exo.worker.engines.tinygrad.llama_transformer:__init__:757 - Initialized RotaryEmbedding
Feb 14 01:02:11 gremlin-1 exo[1117701]: 2026-02-14 01:02:11.214 | DEBUG    | exo.worker.engines.tinygrad.llama_transformer:__init__:1048 - Initialized Attention layer
Feb 14 01:02:11 gremlin-1 exo[1117701]: 2026-02-14 01:02:11.214 | DEBUG    | exo.worker.engines.tinygrad.llama_transformer:__init__:1329 - Initialized MLP layer
Feb 14 01:02:11 gremlin-1 exo[1117701]: 2026-02-14 01:02:11.214 | DEBUG    | exo.worker.engines.tinygrad.llama_transformer:__init__:1456 - Initialized TransformerLayer
Feb 14 01:02:11 gremlin-1 exo[1117701]: 2026-02-14 01:02:11.226 | DEBUG    | exo.worker.engines.tinygrad.llama_transformer:_compute_cos_sin_cache:808 - Computed RoPE cache
Feb 14 01:02:11 gremlin-1 exo[1117701]: 2026-02-14 01:02:11.227 | DEBUG    | exo.worker.engines.tinygrad.llama_transformer:__init__:757 - Initialized RotaryEmbedding
Feb 14 01:02:11 gremlin-1 exo[1117701]: 2026-02-14 01:02:11.227 | DEBUG    | exo.worker.engines.tinygrad.llama_transformer:__init__:1048 - Initialized Attention layer
Feb 14 01:02:11 gremlin-1 exo[1117701]: 2026-02-14 01:02:11.227 | DEBUG    | exo.worker.engines.tinygrad.llama_transformer:__init__:1329 - Initialized MLP layer
Feb 14 01:02:11 gremlin-1 exo[1117701]: 2026-02-14 01:02:11.227 | DEBUG    | exo.worker.engines.tinygrad.llama_transformer:__init__:1456 - Initialized TransformerLayer
Feb 14 01:02:11 gremlin-1 exo[1117701]: 2026-02-14 01:02:11.245 | DEBUG    | exo.worker.engines.tinygrad.llama_transformer:_compute_cos_sin_cache:808 - Computed RoPE cache
Feb 14 01:02:11 gremlin-1 exo[1117701]: 2026-02-14 01:02:11.245 | DEBUG    | exo.worker.engines.tinygrad.llama_transformer:__init__:757 - Initialized RotaryEmbedding
Feb 14 01:02:11 gremlin-1 exo[1117701]: 2026-02-14 01:02:11.246 | DEBUG    | exo.worker.engines.tinygrad.llama_transformer:__init__:1048 - Initialized Attention layer
Feb 14 01:02:11 gremlin-1 exo[1117701]: 2026-02-14 01:02:11.246 | DEBUG    | exo.worker.engines.tinygrad.llama_transformer:__init__:1329 - Initialized MLP layer
Feb 14 01:02:11 gremlin-1 exo[1117701]: 2026-02-14 01:02:11.246 | DEBUG    | exo.worker.engines.tinygrad.llama_transformer:__init__:1456 - Initialized TransformerLayer
Feb 14 01:02:11 gremlin-1 exo[1117701]: 2026-02-14 01:02:11.260 | DEBUG    | exo.worker.engines.tinygrad.llama_transformer:_compute_cos_sin_cache:808 - Computed RoPE cache
Feb 14 01:02:11 gremlin-1 exo[1117701]: 2026-02-14 01:02:11.261 | DEBUG    | exo.worker.engines.tinygrad.llama_transformer:__init__:757 - Initialized RotaryEmbedding
Feb 14 01:02:11 gremlin-1 exo[1117701]: 2026-02-14 01:02:11.261 | DEBUG    | exo.worker.engines.tinygrad.llama_transformer:__init__:1048 - Initialized Attention layer
Feb 14 01:02:11 gremlin-1 exo[1117701]: 2026-02-14 01:02:11.261 | DEBUG    | exo.worker.engines.tinygrad.llama_transformer:__init__:1329 - Initialized MLP layer
Feb 14 01:02:11 gremlin-1 exo[1117701]: 2026-02-14 01:02:11.261 | DEBUG    | exo.worker.engines.tinygrad.llama_transformer:__init__:1456 - Initialized TransformerLayer
Feb 14 01:02:11 gremlin-1 exo[1117701]: 2026-02-14 01:02:11.273 | DEBUG    | exo.worker.engines.tinygrad.llama_transformer:_compute_cos_sin_cache:808 - Computed RoPE cache
Feb 14 01:02:11 gremlin-1 exo[1117701]: 2026-02-14 01:02:11.273 | DEBUG    | exo.worker.engines.tinygrad.llama_transformer:__init__:757 - Initialized RotaryEmbedding
Feb 14 01:02:11 gremlin-1 exo[1117701]: 2026-02-14 01:02:11.274 | DEBUG    | exo.worker.engines.tinygrad.llama_transformer:__init__:1048 - Initialized Attention layer
Feb 14 01:02:11 gremlin-1 exo[1117701]: 2026-02-14 01:02:11.274 | DEBUG    | exo.worker.engines.tinygrad.llama_transformer:__init__:1329 - Initialized MLP layer
Feb 14 01:02:11 gremlin-1 exo[1117701]: 2026-02-14 01:02:11.274 | DEBUG    | exo.worker.engines.tinygrad.llama_transformer:__init__:1456 - Initialized TransformerLayer
Feb 14 01:02:11 gremlin-1 exo[1117701]: 2026-02-14 01:02:11.307 | DEBUG    | exo.worker.engines.tinygrad.llama_transformer:_compute_cos_sin_cache:808 - Computed RoPE cache
Feb 14 01:02:11 gremlin-1 exo[1117701]: 2026-02-14 01:02:11.307 | DEBUG    | exo.worker.engines.tinygrad.llama_transformer:__init__:757 - Initialized RotaryEmbedding
Feb 14 01:02:11 gremlin-1 exo[1117701]: 2026-02-14 01:02:11.307 | DEBUG    | exo.worker.engines.tinygrad.llama_transformer:__init__:1048 - Initialized Attention layer
Feb 14 01:02:11 gremlin-1 exo[1117701]: 2026-02-14 01:02:11.308 | DEBUG    | exo.worker.engines.tinygrad.llama_transformer:__init__:1329 - Initialized MLP layer
Feb 14 01:02:11 gremlin-1 exo[1117701]: 2026-02-14 01:02:11.308 | DEBUG    | exo.worker.engines.tinygrad.llama_transformer:__init__:1456 - Initialized TransformerLayer
Feb 14 01:02:11 gremlin-1 exo[1117701]: 2026-02-14 01:02:11.373 | DEBUG    | exo.worker.engines.tinygrad.llama_transformer:_compute_cos_sin_cache:808 - Computed RoPE cache
Feb 14 01:02:11 gremlin-1 exo[1117701]: 2026-02-14 01:02:11.373 | DEBUG    | exo.worker.engines.tinygrad.llama_transformer:__init__:757 - Initialized RotaryEmbedding
Feb 14 01:02:11 gremlin-1 exo[1117701]: 2026-02-14 01:02:11.373 | DEBUG    | exo.worker.engines.tinygrad.llama_transformer:__init__:1048 - Initialized Attention layer
Feb 14 01:02:11 gremlin-1 exo[1117701]: 2026-02-14 01:02:11.374 | DEBUG    | exo.worker.engines.tinygrad.llama_transformer:__init__:1329 - Initialized MLP layer
Feb 14 01:02:11 gremlin-1 exo[1117701]: 2026-02-14 01:02:11.374 | DEBUG    | exo.worker.engines.tinygrad.llama_transformer:__init__:1456 - Initialized TransformerLayer
Feb 14 01:02:11 gremlin-1 exo[1117701]: 2026-02-14 01:02:11.393 | DEBUG    | exo.worker.engines.tinygrad.llama_transformer:_compute_cos_sin_cache:808 - Computed RoPE cache
Feb 14 01:02:11 gremlin-1 exo[1117701]: 2026-02-14 01:02:11.393 | DEBUG    | exo.worker.engines.tinygrad.llama_transformer:__init__:757 - Initialized RotaryEmbedding
Feb 14 01:02:11 gremlin-1 exo[1117701]: 2026-02-14 01:02:11.394 | DEBUG    | exo.worker.engines.tinygrad.llama_transformer:__init__:1048 - Initialized Attention layer
Feb 14 01:02:11 gremlin-1 exo[1117701]: 2026-02-14 01:02:11.394 | DEBUG    | exo.worker.engines.tinygrad.llama_transformer:__init__:1329 - Initialized MLP layer
Feb 14 01:02:11 gremlin-1 exo[1117701]: 2026-02-14 01:02:11.394 | DEBUG    | exo.worker.engines.tinygrad.llama_transformer:__init__:1456 - Initialized TransformerLayer
Feb 14 01:02:11 gremlin-1 exo[1117701]: 2026-02-14 01:02:11.410 | DEBUG    | exo.worker.engines.tinygrad.llama_transformer:_compute_cos_sin_cache:808 - Computed RoPE cache
Feb 14 01:02:11 gremlin-1 exo[1117701]: 2026-02-14 01:02:11.411 | DEBUG    | exo.worker.engines.tinygrad.llama_transformer:__init__:757 - Initialized RotaryEmbedding
Feb 14 01:02:11 gremlin-1 exo[1117701]: 2026-02-14 01:02:11.411 | DEBUG    | exo.worker.engines.tinygrad.llama_transformer:__init__:1048 - Initialized Attention layer
Feb 14 01:02:11 gremlin-1 exo[1117701]: 2026-02-14 01:02:11.411 | DEBUG    | exo.worker.engines.tinygrad.llama_transformer:__init__:1329 - Initialized MLP layer
Feb 14 01:02:11 gremlin-1 exo[1117701]: 2026-02-14 01:02:11.411 | DEBUG    | exo.worker.engines.tinygrad.llama_transformer:__init__:1456 - Initialized TransformerLayer
Feb 14 01:02:11 gremlin-1 exo[1117701]: 2026-02-14 01:02:11.429 | DEBUG    | exo.worker.engines.tinygrad.llama_transformer:_compute_cos_sin_cache:808 - Computed RoPE cache
Feb 14 01:02:11 gremlin-1 exo[1117701]: 2026-02-14 01:02:11.429 | DEBUG    | exo.worker.engines.tinygrad.llama_transformer:__init__:757 - Initialized RotaryEmbedding
Feb 14 01:02:11 gremlin-1 exo[1117701]: 2026-02-14 01:02:11.429 | DEBUG    | exo.worker.engines.tinygrad.llama_transformer:__init__:1048 - Initialized Attention layer
Feb 14 01:02:11 gremlin-1 exo[1117701]: 2026-02-14 01:02:11.429 | DEBUG    | exo.worker.engines.tinygrad.llama_transformer:__init__:1329 - Initialized MLP layer
Feb 14 01:02:11 gremlin-1 exo[1117701]: 2026-02-14 01:02:11.430 | DEBUG    | exo.worker.engines.tinygrad.llama_transformer:__init__:1456 - Initialized TransformerLayer
Feb 14 01:02:11 gremlin-1 exo[1117701]: 2026-02-14 01:02:11.430 | INFO     | exo.worker.engines.tinygrad.llama_transformer:__init__:1988 - Initialized LlamaTransformer
Feb 14 01:02:11 gremlin-1 exo[1117701]: 2026-02-14 01:02:11.430 | INFO     | exo.worker.engines.tinygrad.model_loader:_create_model_with_weights:509 - Created LlamaTransformer instance
Feb 14 01:02:11 gremlin-1 exo[1117701]: 2026-02-14 01:02:11.430 | DEBUG    | exo.worker.engines.tinygrad.model_loader:_filter_weights_for_shard:560 - No sharding needed, using all weights
Feb 14 01:02:11 gremlin-1 exo[1117701]: 2026-02-14 01:02:11.437 | INFO     | exo.worker.engines.tinygrad.llama_transformer:get_weight_statistics:2926 - Weight statistics
Feb 14 01:02:11 gremlin-1 exo[1117701]: 2026-02-14 01:02:11.437 | INFO     | exo.worker.engines.tinygrad.model_loader:_create_model_with_weights:516 - Loading 254 weights (3,212,749,824 parameters, 11.97 GB)
Feb 14 01:02:11 gremlin-1 exo[1117701]: 2026-02-14 01:02:11.437 | INFO     | exo.worker.engines.tinygrad.llama_transformer:validate_weights:2751 - Validating weights
Feb 14 01:02:11 gremlin-1 exo[1117701]: 2026-02-14 01:02:11.437 | DEBUG    | exo.worker.engines.tinygrad.llama_transformer:create_weight_name_mapping:2288 - Created weight name mapping
Feb 14 01:02:11 gremlin-1 exo[1117701]: 2026-02-14 01:02:11.437 | INFO     | exo.worker.engines.tinygrad.llama_transformer:validate_weights:2765 - lm_head.weight is tied to model.embed_tokens.weight (weight tying)
Feb 14 01:02:11 gremlin-1 exo[1117701]: 2026-02-14 01:02:11.437 | DEBUG    | exo.worker.engines.tinygrad.llama_transformer:create_weight_name_mapping:2288 - Created weight name mapping
Feb 14 01:02:11 gremlin-1 exo[1117701]: 2026-02-14 01:02:11.439 | INFO     | exo.worker.engines.tinygrad.llama_transformer:validate_weights:2807 - Weight validation complete
Feb 14 01:02:11 gremlin-1 exo[1117701]: 2026-02-14 01:02:11.439 | INFO     | exo.worker.engines.tinygrad.llama_transformer:check_required_weights:2868 - All required weights present and valid
Feb 14 01:02:11 gremlin-1 exo[1117701]: 2026-02-14 01:02:11.439 | DEBUG    | exo.worker.engines.tinygrad.llama_transformer:create_weight_name_mapping:2288 - Created weight name mapping
Feb 14 01:02:11 gremlin-1 exo[1117701]: 2026-02-14 01:02:11.439 | INFO     | exo.worker.engines.tinygrad.llama_transformer:assign_weights_to_model:2419 - Starting weight assignment
Feb 14 01:02:11 gremlin-1 exo[1117701]: 2026-02-14 01:02:11.439 | DEBUG    | exo.worker.engines.tinygrad.llama_transformer:assign_weights_to_model:2467 - Loaded weight: model.embed_tokens.weight
Feb 14 01:02:11 gremlin-1 exo[1117701]: 2026-02-14 01:02:11.440 | DEBUG    | exo.worker.engines.tinygrad.llama_transformer:assign_weights_to_model:2467 - Loaded weight: model.layers.0.input_layernorm.weight
Feb 14 01:02:11 gremlin-1 exo[1117701]: 2026-02-14 01:02:11.440 | DEBUG    | exo.worker.engines.tinygrad.llama_transformer:assign_weights_to_model:2467 - Loaded weight: model.layers.0.self_attn.q_proj.weight
Feb 14 01:02:11 gremlin-1 exo[1117701]: 2026-02-14 01:02:11.440 | DEBUG    | exo.worker.engines.tinygrad.llama_transformer:assign_weights_to_model:2467 - Loaded weight: model.layers.0.self_attn.k_proj.weight
Feb 14 01:02:11 gremlin-1 exo[1117701]: 2026-02-14 01:02:11.440 | DEBUG    | exo.worker.engines.tinygrad.llama_transformer:assign_weights_to_model:2467 - Loaded weight: model.layers.0.self_attn.v_proj.weight
Feb 14 01:02:11 gremlin-1 exo[1117701]: 2026-02-14 01:02:11.440 | DEBUG    | exo.worker.engines.tinygrad.llama_transformer:assign_weights_to_model:2467 - Loaded weight: model.layers.0.self_attn.o_proj.weight
Feb 14 01:02:11 gremlin-1 exo[1117701]: 2026-02-14 01:02:11.440 | DEBUG    | exo.worker.engines.tinygrad.llama_transformer:assign_weights_to_model:2467 - Loaded weight: model.layers.0.post_attention_layernorm.weight
Feb 14 01:02:11 gremlin-1 exo[1117701]: 2026-02-14 01:02:11.441 | DEBUG    | exo.worker.engines.tinygrad.llama_transformer:assign_weights_to_model:2467 - Loaded weight: model.layers.0.mlp.gate_proj.weight
Feb 14 01:02:11 gremlin-1 exo[1117701]: 2026-02-14 01:02:11.441 | DEBUG    | exo.worker.engines.tinygrad.llama_transformer:assign_weights_to_model:2467 - Loaded weight: model.layers.0.mlp.up_proj.weight
Feb 14 01:02:11 gremlin-1 exo[1117701]: 2026-02-14 01:02:11.441 | DEBUG    | exo.worker.engines.tinygrad.llama_transformer:assign_weights_to_model:2467 - Loaded weight: model.layers.0.mlp.down_proj.weight
Feb 14 01:02:11 gremlin-1 exo[1117701]: 2026-02-14 01:02:11.441 | DEBUG    | exo.worker.engines.tinygrad.llama_transformer:assign_weights_to_model:2467 - Loaded weight: model.layers.1.input_layernorm.weight
Feb 14 01:02:11 gremlin-1 exo[1117701]: 2026-02-14 01:02:11.441 | DEBUG    | exo.worker.engines.tinygrad.llama_transformer:assign_weights_to_model:2467 - Loaded weight: model.layers.1.self_attn.q_proj.weight
Feb 14 01:02:11 gremlin-1 exo[1117701]: 2026-02-14 01:02:11.441 | DEBUG    | exo.worker.engines.tinygrad.llama_transformer:assign_weights_to_model:2467 - Loaded weight: model.layers.1.self_attn.k_proj.weight
Feb 14 01:02:11 gremlin-1 exo[1117701]: 2026-02-14 01:02:11.441 | DEBUG    | exo.worker.engines.tinygrad.llama_transformer:assign_weights_to_model:2467 - Loaded weight: model.layers.1.self_attn.v_proj.weight
Feb 14 01:02:11 gremlin-1 exo[1117701]: 2026-02-14 01:02:11.442 | DEBUG    | exo.worker.engines.tinygrad.llama_transformer:assign_weights_to_model:2467 - Loaded weight: model.layers.1.self_attn.o_proj.weight
Feb 14 01:02:11 gremlin-1 exo[1117701]: 2026-02-14 01:02:11.442 | DEBUG    | exo.worker.engines.tinygrad.llama_transformer:assign_weights_to_model:2467 - Loaded weight: model.layers.1.post_attention_layernorm.weight
Feb 14 01:02:11 gremlin-1 exo[1117701]: 2026-02-14 01:02:11.442 | DEBUG    | exo.worker.engines.tinygrad.llama_transformer:assign_weights_to_model:2467 - Loaded weight: model.layers.1.mlp.gate_proj.weight
Feb 14 01:02:11 gremlin-1 exo[1117701]: 2026-02-14 01:02:11.442 | DEBUG    | exo.worker.engines.tinygrad.llama_transformer:assign_weights_to_model:2467 - Loaded weight: model.layers.1.mlp.up_proj.weight
Feb 14 01:02:11 gremlin-1 exo[1117701]: 2026-02-14 01:02:11.442 | DEBUG    | exo.worker.engines.tinygrad.llama_transformer:assign_weights_to_model:2467 - Loaded weight: model.layers.1.mlp.down_proj.weight
Feb 14 01:02:11 gremlin-1 exo[1117701]: 2026-02-14 01:02:11.442 | DEBUG    | exo.worker.engines.tinygrad.llama_transformer:assign_weights_to_model:2467 - Loaded weight: model.layers.2.input_layernorm.weight
Feb 14 01:02:11 gremlin-1 exo[1117701]: 2026-02-14 01:02:11.442 | DEBUG    | exo.worker.engines.tinygrad.llama_transformer:assign_weights_to_model:2467 - Loaded weight: model.layers.2.self_attn.q_proj.weight
Feb 14 01:02:11 gremlin-1 exo[1117701]: 2026-02-14 01:02:11.443 | DEBUG    | exo.worker.engines.tinygrad.llama_transformer:assign_weights_to_model:2467 - Loaded weight: model.layers.2.self_attn.k_proj.weight
Feb 14 01:02:11 gremlin-1 exo[1117701]: 2026-02-14 01:02:11.443 | DEBUG    | exo.worker.engines.tinygrad.llama_transformer:assign_weights_to_model:2467 - Loaded weight: model.layers.2.self_attn.v_proj.weight
Feb 14 01:02:11 gremlin-1 exo[1117701]: 2026-02-14 01:02:11.443 | DEBUG    | exo.worker.engines.tinygrad.llama_transformer:assign_weights_to_model:2467 - Loaded weight: model.layers.2.self_attn.o_proj.weight
Feb 14 01:02:11 gremlin-1 exo[1117701]: 2026-02-14 01:02:11.443 | DEBUG    | exo.worker.engines.tinygrad.llama_transformer:assign_weights_to_model:2467 - Loaded weight: model.layers.2.post_attention_layernorm.weight
Feb 14 01:02:11 gremlin-1 exo[1117701]: 2026-02-14 01:02:11.443 | DEBUG    | exo.worker.engines.tinygrad.llama_transformer:assign_weights_to_model:2467 - Loaded weight: model.layers.2.mlp.gate_proj.weight
Feb 14 01:02:11 gremlin-1 exo[1117701]: 2026-02-14 01:02:11.443 | DEBUG    | exo.worker.engines.tinygrad.llama_transformer:assign_weights_to_model:2467 - Loaded weight: model.layers.2.mlp.up_proj.weight
Feb 14 01:02:11 gremlin-1 exo[1117701]: 2026-02-14 01:02:11.443 | DEBUG    | exo.worker.engines.tinygrad.llama_transformer:assign_weights_to_model:2467 - Loaded weight: model.layers.2.mlp.down_proj.weight
Feb 14 01:02:11 gremlin-1 exo[1117701]: 2026-02-14 01:02:11.444 | DEBUG    | exo.worker.engines.tinygrad.llama_transformer:assign_weights_to_model:2467 - Loaded weight: model.layers.3.input_layernorm.weight
Feb 14 01:02:11 gremlin-1 exo[1117701]: 2026-02-14 01:02:11.444 | DEBUG    | exo.worker.engines.tinygrad.llama_transformer:assign_weights_to_model:2467 - Loaded weight: model.layers.3.self_attn.q_proj.weight
Feb 14 01:02:11 gremlin-1 exo[1117701]: 2026-02-14 01:02:11.444 | DEBUG    | exo.worker.engines.tinygrad.llama_transformer:assign_weights_to_model:2467 - Loaded weight: model.layers.3.self_attn.k_proj.weight
Feb 14 01:02:11 gremlin-1 exo[1117701]: 2026-02-14 01:02:11.444 | DEBUG    | exo.worker.engines.tinygrad.llama_transformer:assign_weights_to_model:2467 - Loaded weight: model.layers.3.self_attn.v_proj.weight
Feb 14 01:02:11 gremlin-1 exo[1117701]: 2026-02-14 01:02:11.444 | DEBUG    | exo.worker.engines.tinygrad.llama_transformer:assign_weights_to_model:2467 - Loaded weight: model.layers.3.self_attn.o_proj.weight
Feb 14 01:02:11 gremlin-1 exo[1117701]: 2026-02-14 01:02:11.444 | DEBUG    | exo.worker.engines.tinygrad.llama_transformer:assign_weights_to_model:2467 - Loaded weight: model.layers.3.post_attention_layernorm.weight
Feb 14 01:02:11 gremlin-1 exo[1117701]: 2026-02-14 01:02:11.444 | DEBUG    | exo.worker.engines.tinygrad.llama_transformer:assign_weights_to_model:2467 - Loaded weight: model.layers.3.mlp.gate_proj.weight
Feb 14 01:02:11 gremlin-1 exo[1117701]: 2026-02-14 01:02:11.445 | DEBUG    | exo.worker.engines.tinygrad.llama_transformer:assign_weights_to_model:2467 - Loaded weight: model.layers.3.mlp.up_proj.weight
Feb 14 01:02:11 gremlin-1 exo[1117701]: 2026-02-14 01:02:11.445 | DEBUG    | exo.worker.engines.tinygrad.llama_transformer:assign_weights_to_model:2467 - Loaded weight: model.layers.3.mlp.down_proj.weight
Feb 14 01:02:11 gremlin-1 exo[1117701]: 2026-02-14 01:02:11.445 | DEBUG    | exo.worker.engines.tinygrad.llama_transformer:assign_weights_to_model:2467 - Loaded weight: model.layers.4.input_layernorm.weight
Feb 14 01:02:11 gremlin-1 exo[1117701]: 2026-02-14 01:02:11.445 | DEBUG    | exo.worker.engines.tinygrad.llama_transformer:assign_weights_to_model:2467 - Loaded weight: model.layers.4.self_attn.q_proj.weight
Feb 14 01:02:11 gremlin-1 exo[1117701]: 2026-02-14 01:02:11.445 | DEBUG    | exo.worker.engines.tinygrad.llama_transformer:assign_weights_to_model:2467 - Loaded weight: model.layers.4.self_attn.k_proj.weight
Feb 14 01:02:11 gremlin-1 exo[1117701]: 2026-02-14 01:02:11.446 | DEBUG    | exo.worker.engines.tinygrad.llama_transformer:assign_weights_to_model:2467 - Loaded weight: model.layers.4.self_attn.v_proj.weight
Feb 14 01:02:11 gremlin-1 exo[1117701]: 2026-02-14 01:02:11.446 | DEBUG    | exo.worker.engines.tinygrad.llama_transformer:assign_weights_to_model:2467 - Loaded weight: model.layers.4.self_attn.o_proj.weight
Feb 14 01:02:11 gremlin-1 exo[1117701]: 2026-02-14 01:02:11.446 | DEBUG    | exo.worker.engines.tinygrad.llama_transformer:assign_weights_to_model:2467 - Loaded weight: model.layers.4.post_attention_layernorm.weight
Feb 14 01:02:11 gremlin-1 exo[1117701]: 2026-02-14 01:02:11.446 | DEBUG    | exo.worker.engines.tinygrad.llama_transformer:assign_weights_to_model:2467 - Loaded weight: model.layers.4.mlp.gate_proj.weight
Feb 14 01:02:11 gremlin-1 exo[1117701]: 2026-02-14 01:02:11.446 | DEBUG    | exo.worker.engines.tinygrad.llama_transformer:assign_weights_to_model:2467 - Loaded weight: model.layers.4.mlp.up_proj.weight
Feb 14 01:02:11 gremlin-1 exo[1117701]: 2026-02-14 01:02:11.446 | DEBUG    | exo.worker.engines.tinygrad.llama_transformer:assign_weights_to_model:2467 - Loaded weight: model.layers.4.mlp.down_proj.weight
Feb 14 01:02:11 gremlin-1 exo[1117701]: 2026-02-14 01:02:11.446 | DEBUG    | exo.worker.engines.tinygrad.llama_transformer:assign_weights_to_model:2467 - Loaded weight: model.layers.5.input_layernorm.weight
Feb 14 01:02:11 gremlin-1 exo[1117701]: 2026-02-14 01:02:11.446 | DEBUG    | exo.worker.engines.tinygrad.llama_transformer:assign_weights_to_model:2467 - Loaded weight: model.layers.5.self_attn.q_proj.weight
Feb 14 01:02:11 gremlin-1 exo[1117701]: 2026-02-14 01:02:11.447 | DEBUG    | exo.worker.engines.tinygrad.llama_transformer:assign_weights_to_model:2467 - Loaded weight: model.layers.5.self_attn.k_proj.weight
Feb 14 01:02:11 gremlin-1 exo[1117701]: 2026-02-14 01:02:11.447 | DEBUG    | exo.worker.engines.tinygrad.llama_transformer:assign_weights_to_model:2467 - Loaded weight: model.layers.5.self_attn.v_proj.weight
Feb 14 01:02:11 gremlin-1 exo[1117701]: 2026-02-14 01:02:11.447 | DEBUG    | exo.worker.engines.tinygrad.llama_transformer:assign_weights_to_model:2467 - Loaded weight: model.layers.5.self_attn.o_proj.weight
Feb 14 01:02:11 gremlin-1 exo[1117701]: 2026-02-14 01:02:11.447 | DEBUG    | exo.worker.engines.tinygrad.llama_transformer:assign_weights_to_model:2467 - Loaded weight: model.layers.5.post_attention_layernorm.weight
Feb 14 01:02:11 gremlin-1 exo[1117701]: 2026-02-14 01:02:11.447 | DEBUG    | exo.worker.engines.tinygrad.llama_transformer:assign_weights_to_model:2467 - Loaded weight: model.layers.5.mlp.gate_proj.weight
Feb 14 01:02:11 gremlin-1 exo[1117701]: 2026-02-14 01:02:11.447 | DEBUG    | exo.worker.engines.tinygrad.llama_transformer:assign_weights_to_model:2467 - Loaded weight: model.layers.5.mlp.up_proj.weight
Feb 14 01:02:11 gremlin-1 exo[1117701]: 2026-02-14 01:02:11.447 | DEBUG    | exo.worker.engines.tinygrad.llama_transformer:assign_weights_to_model:2467 - Loaded weight: model.layers.5.mlp.down_proj.weight
Feb 14 01:02:11 gremlin-1 exo[1117701]: 2026-02-14 01:02:11.448 | DEBUG    | exo.worker.engines.tinygrad.llama_transformer:assign_weights_to_model:2467 - Loaded weight: model.layers.6.input_layernorm.weight
Feb 14 01:02:11 gremlin-1 exo[1117701]: 2026-02-14 01:02:11.448 | DEBUG    | exo.worker.engines.tinygrad.llama_transformer:assign_weights_to_model:2467 - Loaded weight: model.layers.6.self_attn.q_proj.weight
Feb 14 01:02:11 gremlin-1 exo[1117701]: 2026-02-14 01:02:11.448 | DEBUG    | exo.worker.engines.tinygrad.llama_transformer:assign_weights_to_model:2467 - Loaded weight: model.layers.6.self_attn.k_proj.weight
Feb 14 01:02:11 gremlin-1 exo[1117701]: 2026-02-14 01:02:11.448 | DEBUG    | exo.worker.engines.tinygrad.llama_transformer:assign_weights_to_model:2467 - Loaded weight: model.layers.6.self_attn.v_proj.weight
Feb 14 01:02:11 gremlin-1 exo[1117701]: 2026-02-14 01:02:11.448 | DEBUG    | exo.worker.engines.tinygrad.llama_transformer:assign_weights_to_model:2467 - Loaded weight: model.layers.6.self_attn.o_proj.weight
Feb 14 01:02:11 gremlin-1 exo[1117701]: 2026-02-14 01:02:11.448 | DEBUG    | exo.worker.engines.tinygrad.llama_transformer:assign_weights_to_model:2467 - Loaded weight: model.layers.6.post_attention_layernorm.weight
Feb 14 01:02:11 gremlin-1 exo[1117701]: 2026-02-14 01:02:11.448 | DEBUG    | exo.worker.engines.tinygrad.llama_transformer:assign_weights_to_model:2467 - Loaded weight: model.layers.6.mlp.gate_proj.weight
Feb 14 01:02:11 gremlin-1 exo[1117701]: 2026-02-14 01:02:11.449 | DEBUG    | exo.worker.engines.tinygrad.llama_transformer:assign_weights_to_model:2467 - Loaded weight: model.layers.6.mlp.up_proj.weight
Feb 14 01:02:11 gremlin-1 exo[1117701]: 2026-02-14 01:02:11.449 | DEBUG    | exo.worker.engines.tinygrad.llama_transformer:assign_weights_to_model:2467 - Loaded weight: model.layers.6.mlp.down_proj.weight
Feb 14 01:02:11 gremlin-1 exo[1117701]: 2026-02-14 01:02:11.449 | DEBUG    | exo.worker.engines.tinygrad.llama_transformer:assign_weights_to_model:2467 - Loaded weight: model.layers.7.input_layernorm.weight
Feb 14 01:02:11 gremlin-1 exo[1117701]: 2026-02-14 01:02:11.449 | DEBUG    | exo.worker.engines.tinygrad.llama_transformer:assign_weights_to_model:2467 - Loaded weight: model.layers.7.self_attn.q_proj.weight
Feb 14 01:02:11 gremlin-1 exo[1117701]: 2026-02-14 01:02:11.449 | DEBUG    | exo.worker.engines.tinygrad.llama_transformer:assign_weights_to_model:2467 - Loaded weight: model.layers.7.self_attn.k_proj.weight
Feb 14 01:02:11 gremlin-1 exo[1117701]: 2026-02-14 01:02:11.449 | DEBUG    | exo.worker.engines.tinygrad.llama_transformer:assign_weights_to_model:2467 - Loaded weight: model.layers.7.self_attn.v_proj.weight
Feb 14 01:02:11 gremlin-1 exo[1117701]: 2026-02-14 01:02:11.449 | DEBUG    | exo.worker.engines.tinygrad.llama_transformer:assign_weights_to_model:2467 - Loaded weight: model.layers.7.self_attn.o_proj.weight
Feb 14 01:02:11 gremlin-1 exo[1117701]: 2026-02-14 01:02:11.450 | DEBUG    | exo.worker.engines.tinygrad.llama_transformer:assign_weights_to_model:2467 - Loaded weight: model.layers.7.post_attention_layernorm.weight
Feb 14 01:02:11 gremlin-1 exo[1117701]: 2026-02-14 01:02:11.450 | DEBUG    | exo.worker.engines.tinygrad.llama_transformer:assign_weights_to_model:2467 - Loaded weight: model.layers.7.mlp.gate_proj.weight
Feb 14 01:02:11 gremlin-1 exo[1117701]: 2026-02-14 01:02:11.450 | DEBUG    | exo.worker.engines.tinygrad.llama_transformer:assign_weights_to_model:2467 - Loaded weight: model.layers.7.mlp.up_proj.weight
Feb 14 01:02:11 gremlin-1 exo[1117701]: 2026-02-14 01:02:11.450 | DEBUG    | exo.worker.engines.tinygrad.llama_transformer:assign_weights_to_model:2467 - Loaded weight: model.layers.7.mlp.down_proj.weight
Feb 14 01:02:11 gremlin-1 exo[1117701]: 2026-02-14 01:02:11.450 | DEBUG    | exo.worker.engines.tinygrad.llama_transformer:assign_weights_to_model:2467 - Loaded weight: model.layers.8.input_layernorm.weight
Feb 14 01:02:11 gremlin-1 exo[1117701]: 2026-02-14 01:02:11.450 | DEBUG    | exo.worker.engines.tinygrad.llama_transformer:assign_weights_to_model:2467 - Loaded weight: model.layers.8.self_attn.q_proj.weight
Feb 14 01:02:11 gremlin-1 exo[1117701]: 2026-02-14 01:02:11.450 | DEBUG    | exo.worker.engines.tinygrad.llama_transformer:assign_weights_to_model:2467 - Loaded weight: model.layers.8.self_attn.k_proj.weight
Feb 14 01:02:11 gremlin-1 exo[1117701]: 2026-02-14 01:02:11.451 | DEBUG    | exo.worker.engines.tinygrad.llama_transformer:assign_weights_to_model:2467 - Loaded weight: model.layers.8.self_attn.v_proj.weight
Feb 14 01:02:11 gremlin-1 exo[1117701]: 2026-02-14 01:02:11.451 | DEBUG    | exo.worker.engines.tinygrad.llama_transformer:assign_weights_to_model:2467 - Loaded weight: model.layers.8.self_attn.o_proj.weight
Feb 14 01:02:11 gremlin-1 exo[1117701]: 2026-02-14 01:02:11.451 | DEBUG    | exo.worker.engines.tinygrad.llama_transformer:assign_weights_to_model:2467 - Loaded weight: model.layers.8.post_attention_layernorm.weight
Feb 14 01:02:11 gremlin-1 exo[1117701]: 2026-02-14 01:02:11.451 | DEBUG    | exo.worker.engines.tinygrad.llama_transformer:assign_weights_to_model:2467 - Loaded weight: model.layers.8.mlp.gate_proj.weight
Feb 14 01:02:11 gremlin-1 exo[1117701]: 2026-02-14 01:02:11.451 | DEBUG    | exo.worker.engines.tinygrad.llama_transformer:assign_weights_to_model:2467 - Loaded weight: model.layers.8.mlp.up_proj.weight
Feb 14 01:02:11 gremlin-1 exo[1117701]: 2026-02-14 01:02:11.451 | DEBUG    | exo.worker.engines.tinygrad.llama_transformer:assign_weights_to_model:2467 - Loaded weight: model.layers.8.mlp.down_proj.weight
Feb 14 01:02:11 gremlin-1 exo[1117701]: 2026-02-14 01:02:11.452 | DEBUG    | exo.worker.engines.tinygrad.llama_transformer:assign_weights_to_model:2467 - Loaded weight: model.layers.9.input_layernorm.weight
Feb 14 01:02:11 gremlin-1 exo[1117701]: 2026-02-14 01:02:11.452 | DEBUG    | exo.worker.engines.tinygrad.llama_transformer:assign_weights_to_model:2467 - Loaded weight: model.layers.9.self_attn.q_proj.weight
Feb 14 01:02:11 gremlin-1 exo[1117701]: 2026-02-14 01:02:11.452 | DEBUG    | exo.worker.engines.tinygrad.llama_transformer:assign_weights_to_model:2467 - Loaded weight: model.layers.9.self_attn.k_proj.weight
Feb 14 01:02:11 gremlin-1 exo[1117701]: 2026-02-14 01:02:11.452 | DEBUG    | exo.worker.engines.tinygrad.llama_transformer:assign_weights_to_model:2467 - Loaded weight: model.layers.9.self_attn.v_proj.weight
Feb 14 01:02:11 gremlin-1 exo[1117701]: 2026-02-14 01:02:11.452 | DEBUG    | exo.worker.engines.tinygrad.llama_transformer:assign_weights_to_model:2467 - Loaded weight: model.layers.9.self_attn.o_proj.weight
Feb 14 01:02:11 gremlin-1 exo[1117701]: 2026-02-14 01:02:11.452 | DEBUG    | exo.worker.engines.tinygrad.llama_transformer:assign_weights_to_model:2467 - Loaded weight: model.layers.9.post_attention_layernorm.weight
Feb 14 01:02:11 gremlin-1 exo[1117701]: 2026-02-14 01:02:11.452 | DEBUG    | exo.worker.engines.tinygrad.llama_transformer:assign_weights_to_model:2467 - Loaded weight: model.layers.9.mlp.gate_proj.weight
Feb 14 01:02:11 gremlin-1 exo[1117701]: 2026-02-14 01:02:11.452 | DEBUG    | exo.worker.engines.tinygrad.llama_transformer:assign_weights_to_model:2467 - Loaded weight: model.layers.9.mlp.up_proj.weight
Feb 14 01:02:11 gremlin-1 exo[1117701]: 2026-02-14 01:02:11.453 | DEBUG    | exo.worker.engines.tinygrad.llama_transformer:assign_weights_to_model:2467 - Loaded weight: model.layers.9.mlp.down_proj.weight
Feb 14 01:02:11 gremlin-1 exo[1117701]: 2026-02-14 01:02:11.453 | DEBUG    | exo.worker.engines.tinygrad.llama_transformer:assign_weights_to_model:2467 - Loaded weight: model.layers.10.input_layernorm.weight
Feb 14 01:02:11 gremlin-1 exo[1117701]: 2026-02-14 01:02:11.453 | DEBUG    | exo.worker.engines.tinygrad.llama_transformer:assign_weights_to_model:2467 - Loaded weight: model.layers.10.self_attn.q_proj.weight
Feb 14 01:02:11 gremlin-1 exo[1117701]: 2026-02-14 01:02:11.453 | DEBUG    | exo.worker.engines.tinygrad.llama_transformer:assign_weights_to_model:2467 - Loaded weight: model.layers.10.self_attn.k_proj.weight
Feb 14 01:02:11 gremlin-1 exo[1117701]: 2026-02-14 01:02:11.453 | DEBUG    | exo.worker.engines.tinygrad.llama_transformer:assign_weights_to_model:2467 - Loaded weight: model.layers.10.self_attn.v_proj.weight
Feb 14 01:02:11 gremlin-1 exo[1117701]: 2026-02-14 01:02:11.453 | DEBUG    | exo.worker.engines.tinygrad.llama_transformer:assign_weights_to_model:2467 - Loaded weight: model.layers.10.self_attn.o_proj.weight
Feb 14 01:02:11 gremlin-1 exo[1117701]: 2026-02-14 01:02:11.453 | DEBUG    | exo.worker.engines.tinygrad.llama_transformer:assign_weights_to_model:2467 - Loaded weight: model.layers.10.post_attention_layernorm.weight
Feb 14 01:02:11 gremlin-1 exo[1117701]: 2026-02-14 01:02:11.454 | DEBUG    | exo.worker.engines.tinygrad.llama_transformer:assign_weights_to_model:2467 - Loaded weight: model.layers.10.mlp.gate_proj.weight
Feb 14 01:02:11 gremlin-1 exo[1117701]: 2026-02-14 01:02:11.454 | DEBUG    | exo.worker.engines.tinygrad.llama_transformer:assign_weights_to_model:2467 - Loaded weight: model.layers.10.mlp.up_proj.weight
Feb 14 01:02:11 gremlin-1 exo[1117701]: 2026-02-14 01:02:11.454 | DEBUG    | exo.worker.engines.tinygrad.llama_transformer:assign_weights_to_model:2467 - Loaded weight: model.layers.10.mlp.down_proj.weight
Feb 14 01:02:11 gremlin-1 exo[1117701]: 2026-02-14 01:02:11.454 | DEBUG    | exo.worker.engines.tinygrad.llama_transformer:assign_weights_to_model:2467 - Loaded weight: model.layers.11.input_layernorm.weight
Feb 14 01:02:11 gremlin-1 exo[1117701]: 2026-02-14 01:02:11.454 | DEBUG    | exo.worker.engines.tinygrad.llama_transformer:assign_weights_to_model:2467 - Loaded weight: model.layers.11.self_attn.q_proj.weight
Feb 14 01:02:11 gremlin-1 exo[1117701]: 2026-02-14 01:02:11.454 | DEBUG    | exo.worker.engines.tinygrad.llama_transformer:assign_weights_to_model:2467 - Loaded weight: model.layers.11.self_attn.k_proj.weight
Feb 14 01:02:11 gremlin-1 exo[1117701]: 2026-02-14 01:02:11.455 | DEBUG    | exo.worker.engines.tinygrad.llama_transformer:assign_weights_to_model:2467 - Loaded weight: model.layers.11.self_attn.v_proj.weight
Feb 14 01:02:11 gremlin-1 exo[1117701]: 2026-02-14 01:02:11.455 | DEBUG    | exo.worker.engines.tinygrad.llama_transformer:assign_weights_to_model:2467 - Loaded weight: model.layers.11.self_attn.o_proj.weight
Feb 14 01:02:11 gremlin-1 exo[1117701]: 2026-02-14 01:02:11.455 | DEBUG    | exo.worker.engines.tinygrad.llama_transformer:assign_weights_to_model:2467 - Loaded weight: model.layers.11.post_attention_layernorm.weight
Feb 14 01:02:11 gremlin-1 exo[1117701]: 2026-02-14 01:02:11.455 | DEBUG    | exo.worker.engines.tinygrad.llama_transformer:assign_weights_to_model:2467 - Loaded weight: model.layers.11.mlp.gate_proj.weight
Feb 14 01:02:11 gremlin-1 exo[1117701]: 2026-02-14 01:02:11.455 | DEBUG    | exo.worker.engines.tinygrad.llama_transformer:assign_weights_to_model:2467 - Loaded weight: model.layers.11.mlp.up_proj.weight
Feb 14 01:02:11 gremlin-1 exo[1117701]: 2026-02-14 01:02:11.455 | DEBUG    | exo.worker.engines.tinygrad.llama_transformer:assign_weights_to_model:2467 - Loaded weight: model.layers.11.mlp.down_proj.weight
Feb 14 01:02:11 gremlin-1 exo[1117701]: 2026-02-14 01:02:11.455 | DEBUG    | exo.worker.engines.tinygrad.llama_transformer:assign_weights_to_model:2467 - Loaded weight: model.layers.12.input_layernorm.weight
Feb 14 01:02:11 gremlin-1 exo[1117701]: 2026-02-14 01:02:11.456 | DEBUG    | exo.worker.engines.tinygrad.llama_transformer:assign_weights_to_model:2467 - Loaded weight: model.layers.12.self_attn.q_proj.weight
Feb 14 01:02:11 gremlin-1 exo[1117701]: 2026-02-14 01:02:11.456 | DEBUG    | exo.worker.engines.tinygrad.llama_transformer:assign_weights_to_model:2467 - Loaded weight: model.layers.12.self_attn.k_proj.weight
Feb 14 01:02:11 gremlin-1 exo[1117701]: 2026-02-14 01:02:11.456 | DEBUG    | exo.worker.engines.tinygrad.llama_transformer:assign_weights_to_model:2467 - Loaded weight: model.layers.12.self_attn.v_proj.weight
Feb 14 01:02:11 gremlin-1 exo[1117701]: 2026-02-14 01:02:11.456 | DEBUG    | exo.worker.engines.tinygrad.llama_transformer:assign_weights_to_model:2467 - Loaded weight: model.layers.12.self_attn.o_proj.weight
Feb 14 01:02:11 gremlin-1 exo[1117701]: 2026-02-14 01:02:11.456 | DEBUG    | exo.worker.engines.tinygrad.llama_transformer:assign_weights_to_model:2467 - Loaded weight: model.layers.12.post_attention_layernorm.weight
Feb 14 01:02:11 gremlin-1 exo[1117701]: 2026-02-14 01:02:11.456 | DEBUG    | exo.worker.engines.tinygrad.llama_transformer:assign_weights_to_model:2467 - Loaded weight: model.layers.12.mlp.gate_proj.weight
Feb 14 01:02:11 gremlin-1 exo[1117701]: 2026-02-14 01:02:11.456 | DEBUG    | exo.worker.engines.tinygrad.llama_transformer:assign_weights_to_model:2467 - Loaded weight: model.layers.12.mlp.up_proj.weight
Feb 14 01:02:11 gremlin-1 exo[1117701]: 2026-02-14 01:02:11.457 | DEBUG    | exo.worker.engines.tinygrad.llama_transformer:assign_weights_to_model:2467 - Loaded weight: model.layers.12.mlp.down_proj.weight
Feb 14 01:02:11 gremlin-1 exo[1117701]: 2026-02-14 01:02:11.457 | DEBUG    | exo.worker.engines.tinygrad.llama_transformer:assign_weights_to_model:2467 - Loaded weight: model.layers.13.input_layernorm.weight
Feb 14 01:02:11 gremlin-1 exo[1117701]: 2026-02-14 01:02:11.457 | DEBUG    | exo.worker.engines.tinygrad.llama_transformer:assign_weights_to_model:2467 - Loaded weight: model.layers.13.self_attn.q_proj.weight
Feb 14 01:02:11 gremlin-1 exo[1117701]: 2026-02-14 01:02:11.457 | DEBUG    | exo.worker.engines.tinygrad.llama_transformer:assign_weights_to_model:2467 - Loaded weight: model.layers.13.self_attn.k_proj.weight
Feb 14 01:02:11 gremlin-1 exo[1117701]: 2026-02-14 01:02:11.457 | DEBUG    | exo.worker.engines.tinygrad.llama_transformer:assign_weights_to_model:2467 - Loaded weight: model.layers.13.self_attn.v_proj.weight
Feb 14 01:02:11 gremlin-1 exo[1117701]: 2026-02-14 01:02:11.457 | DEBUG    | exo.worker.engines.tinygrad.llama_transformer:assign_weights_to_model:2467 - Loaded weight: model.layers.13.self_attn.o_proj.weight
Feb 14 01:02:11 gremlin-1 exo[1117701]: 2026-02-14 01:02:11.457 | DEBUG    | exo.worker.engines.tinygrad.llama_transformer:assign_weights_to_model:2467 - Loaded weight: model.layers.13.post_attention_layernorm.weight
Feb 14 01:02:11 gremlin-1 exo[1117701]: 2026-02-14 01:02:11.458 | DEBUG    | exo.worker.engines.tinygrad.llama_transformer:assign_weights_to_model:2467 - Loaded weight: model.layers.13.mlp.gate_proj.weight
Feb 14 01:02:11 gremlin-1 exo[1117701]: 2026-02-14 01:02:11.458 | DEBUG    | exo.worker.engines.tinygrad.llama_transformer:assign_weights_to_model:2467 - Loaded weight: model.layers.13.mlp.up_proj.weight
Feb 14 01:02:11 gremlin-1 exo[1117701]: 2026-02-14 01:02:11.458 | DEBUG    | exo.worker.engines.tinygrad.llama_transformer:assign_weights_to_model:2467 - Loaded weight: model.layers.13.mlp.down_proj.weight
Feb 14 01:02:11 gremlin-1 exo[1117701]: 2026-02-14 01:02:11.458 | DEBUG    | exo.worker.engines.tinygrad.llama_transformer:assign_weights_to_model:2467 - Loaded weight: model.layers.14.input_layernorm.weight
Feb 14 01:02:11 gremlin-1 exo[1117701]: 2026-02-14 01:02:11.458 | DEBUG    | exo.worker.engines.tinygrad.llama_transformer:assign_weights_to_model:2467 - Loaded weight: model.layers.14.self_attn.q_proj.weight
Feb 14 01:02:11 gremlin-1 exo[1117701]: 2026-02-14 01:02:11.458 | DEBUG    | exo.worker.engines.tinygrad.llama_transformer:assign_weights_to_model:2467 - Loaded weight: model.layers.14.self_attn.k_proj.weight
Feb 14 01:02:11 gremlin-1 exo[1117701]: 2026-02-14 01:02:11.458 | DEBUG    | exo.worker.engines.tinygrad.llama_transformer:assign_weights_to_model:2467 - Loaded weight: model.layers.14.self_attn.v_proj.weight
Feb 14 01:02:11 gremlin-1 exo[1117701]: 2026-02-14 01:02:11.458 | DEBUG    | exo.worker.engines.tinygrad.llama_transformer:assign_weights_to_model:2467 - Loaded weight: model.layers.14.self_attn.o_proj.weight
Feb 14 01:02:11 gremlin-1 exo[1117701]: 2026-02-14 01:02:11.459 | DEBUG    | exo.worker.engines.tinygrad.llama_transformer:assign_weights_to_model:2467 - Loaded weight: model.layers.14.post_attention_layernorm.weight
Feb 14 01:02:11 gremlin-1 exo[1117701]: 2026-02-14 01:02:11.459 | DEBUG    | exo.worker.engines.tinygrad.llama_transformer:assign_weights_to_model:2467 - Loaded weight: model.layers.14.mlp.gate_proj.weight
Feb 14 01:02:11 gremlin-1 exo[1117701]: 2026-02-14 01:02:11.459 | DEBUG    | exo.worker.engines.tinygrad.llama_transformer:assign_weights_to_model:2467 - Loaded weight: model.layers.14.mlp.up_proj.weight
Feb 14 01:02:11 gremlin-1 exo[1117701]: 2026-02-14 01:02:11.459 | DEBUG    | exo.worker.engines.tinygrad.llama_transformer:assign_weights_to_model:2467 - Loaded weight: model.layers.14.mlp.down_proj.weight
Feb 14 01:02:11 gremlin-1 exo[1117701]: 2026-02-14 01:02:11.459 | DEBUG    | exo.worker.engines.tinygrad.llama_transformer:assign_weights_to_model:2467 - Loaded weight: model.layers.15.input_layernorm.weight
Feb 14 01:02:11 gremlin-1 exo[1117701]: 2026-02-14 01:02:11.459 | DEBUG    | exo.worker.engines.tinygrad.llama_transformer:assign_weights_to_model:2467 - Loaded weight: model.layers.15.self_attn.q_proj.weight
Feb 14 01:02:11 gremlin-1 exo[1117701]: 2026-02-14 01:02:11.459 | DEBUG    | exo.worker.engines.tinygrad.llama_transformer:assign_weights_to_model:2467 - Loaded weight: model.layers.15.self_attn.k_proj.weight
Feb 14 01:02:11 gremlin-1 exo[1117701]: 2026-02-14 01:02:11.460 | DEBUG    | exo.worker.engines.tinygrad.llama_transformer:assign_weights_to_model:2467 - Loaded weight: model.layers.15.self_attn.v_proj.weight
Feb 14 01:02:11 gremlin-1 exo[1117701]: 2026-02-14 01:02:11.460 | DEBUG    | exo.worker.engines.tinygrad.llama_transformer:assign_weights_to_model:2467 - Loaded weight: model.layers.15.self_attn.o_proj.weight
Feb 14 01:02:11 gremlin-1 exo[1117701]: 2026-02-14 01:02:11.460 | DEBUG    | exo.worker.engines.tinygrad.llama_transformer:assign_weights_to_model:2467 - Loaded weight: model.layers.15.post_attention_layernorm.weight
Feb 14 01:02:11 gremlin-1 exo[1117701]: 2026-02-14 01:02:11.460 | DEBUG    | exo.worker.engines.tinygrad.llama_transformer:assign_weights_to_model:2467 - Loaded weight: model.layers.15.mlp.gate_proj.weight
Feb 14 01:02:11 gremlin-1 exo[1117701]: 2026-02-14 01:02:11.460 | DEBUG    | exo.worker.engines.tinygrad.llama_transformer:assign_weights_to_model:2467 - Loaded weight: model.layers.15.mlp.up_proj.weight
Feb 14 01:02:11 gremlin-1 exo[1117701]: 2026-02-14 01:02:11.460 | DEBUG    | exo.worker.engines.tinygrad.llama_transformer:assign_weights_to_model:2467 - Loaded weight: model.layers.15.mlp.down_proj.weight
Feb 14 01:02:11 gremlin-1 exo[1117701]: 2026-02-14 01:02:11.460 | DEBUG    | exo.worker.engines.tinygrad.llama_transformer:assign_weights_to_model:2467 - Loaded weight: model.layers.16.input_layernorm.weight
Feb 14 01:02:11 gremlin-1 exo[1117701]: 2026-02-14 01:02:11.461 | DEBUG    | exo.worker.engines.tinygrad.llama_transformer:assign_weights_to_model:2467 - Loaded weight: model.layers.16.self_attn.q_proj.weight
Feb 14 01:02:11 gremlin-1 exo[1117701]: 2026-02-14 01:02:11.461 | DEBUG    | exo.worker.engines.tinygrad.llama_transformer:assign_weights_to_model:2467 - Loaded weight: model.layers.16.self_attn.k_proj.weight
Feb 14 01:02:11 gremlin-1 exo[1117701]: 2026-02-14 01:02:11.461 | DEBUG    | exo.worker.engines.tinygrad.llama_transformer:assign_weights_to_model:2467 - Loaded weight: model.layers.16.self_attn.v_proj.weight
Feb 14 01:02:11 gremlin-1 exo[1117701]: 2026-02-14 01:02:11.461 | DEBUG    | exo.worker.engines.tinygrad.llama_transformer:assign_weights_to_model:2467 - Loaded weight: model.layers.16.self_attn.o_proj.weight
Feb 14 01:02:11 gremlin-1 exo[1117701]: 2026-02-14 01:02:11.461 | DEBUG    | exo.worker.engines.tinygrad.llama_transformer:assign_weights_to_model:2467 - Loaded weight: model.layers.16.post_attention_layernorm.weight
Feb 14 01:02:11 gremlin-1 exo[1117701]: 2026-02-14 01:02:11.461 | DEBUG    | exo.worker.engines.tinygrad.llama_transformer:assign_weights_to_model:2467 - Loaded weight: model.layers.16.mlp.gate_proj.weight
Feb 14 01:02:11 gremlin-1 exo[1117701]: 2026-02-14 01:02:11.461 | DEBUG    | exo.worker.engines.tinygrad.llama_transformer:assign_weights_to_model:2467 - Loaded weight: model.layers.16.mlp.up_proj.weight
Feb 14 01:02:11 gremlin-1 exo[1117701]: 2026-02-14 01:02:11.462 | DEBUG    | exo.worker.engines.tinygrad.llama_transformer:assign_weights_to_model:2467 - Loaded weight: model.layers.16.mlp.down_proj.weight
Feb 14 01:02:11 gremlin-1 exo[1117701]: 2026-02-14 01:02:11.462 | DEBUG    | exo.worker.engines.tinygrad.llama_transformer:assign_weights_to_model:2467 - Loaded weight: model.layers.17.input_layernorm.weight
Feb 14 01:02:11 gremlin-1 exo[1117701]: 2026-02-14 01:02:11.462 | DEBUG    | exo.worker.engines.tinygrad.llama_transformer:assign_weights_to_model:2467 - Loaded weight: model.layers.17.self_attn.q_proj.weight
Feb 14 01:02:11 gremlin-1 exo[1117701]: 2026-02-14 01:02:11.462 | DEBUG    | exo.worker.engines.tinygrad.llama_transformer:assign_weights_to_model:2467 - Loaded weight: model.layers.17.self_attn.k_proj.weight
Feb 14 01:02:11 gremlin-1 exo[1117701]: 2026-02-14 01:02:11.462 | DEBUG    | exo.worker.engines.tinygrad.llama_transformer:assign_weights_to_model:2467 - Loaded weight: model.layers.17.self_attn.v_proj.weight
Feb 14 01:02:11 gremlin-1 exo[1117701]: 2026-02-14 01:02:11.462 | DEBUG    | exo.worker.engines.tinygrad.llama_transformer:assign_weights_to_model:2467 - Loaded weight: model.layers.17.self_attn.o_proj.weight
Feb 14 01:02:11 gremlin-1 exo[1117701]: 2026-02-14 01:02:11.462 | DEBUG    | exo.worker.engines.tinygrad.llama_transformer:assign_weights_to_model:2467 - Loaded weight: model.layers.17.post_attention_layernorm.weight
Feb 14 01:02:11 gremlin-1 exo[1117701]: 2026-02-14 01:02:11.463 | DEBUG    | exo.worker.engines.tinygrad.llama_transformer:assign_weights_to_model:2467 - Loaded weight: model.layers.17.mlp.gate_proj.weight
Feb 14 01:02:11 gremlin-1 exo[1117701]: 2026-02-14 01:02:11.463 | DEBUG    | exo.worker.engines.tinygrad.llama_transformer:assign_weights_to_model:2467 - Loaded weight: model.layers.17.mlp.up_proj.weight
Feb 14 01:02:11 gremlin-1 exo[1117701]: 2026-02-14 01:02:11.463 | DEBUG    | exo.worker.engines.tinygrad.llama_transformer:assign_weights_to_model:2467 - Loaded weight: model.layers.17.mlp.down_proj.weight
Feb 14 01:02:11 gremlin-1 exo[1117701]: 2026-02-14 01:02:11.463 | DEBUG    | exo.worker.engines.tinygrad.llama_transformer:assign_weights_to_model:2467 - Loaded weight: model.layers.18.input_layernorm.weight
Feb 14 01:02:11 gremlin-1 exo[1117701]: 2026-02-14 01:02:11.463 | DEBUG    | exo.worker.engines.tinygrad.llama_transformer:assign_weights_to_model:2467 - Loaded weight: model.layers.18.self_attn.q_proj.weight
Feb 14 01:02:11 gremlin-1 exo[1117701]: 2026-02-14 01:02:11.463 | DEBUG    | exo.worker.engines.tinygrad.llama_transformer:assign_weights_to_model:2467 - Loaded weight: model.layers.18.self_attn.k_proj.weight
Feb 14 01:02:11 gremlin-1 exo[1117701]: 2026-02-14 01:02:11.464 | DEBUG    | exo.worker.engines.tinygrad.llama_transformer:assign_weights_to_model:2467 - Loaded weight: model.layers.18.self_attn.v_proj.weight
Feb 14 01:02:11 gremlin-1 exo[1117701]: 2026-02-14 01:02:11.464 | DEBUG    | exo.worker.engines.tinygrad.llama_transformer:assign_weights_to_model:2467 - Loaded weight: model.layers.18.self_attn.o_proj.weight
Feb 14 01:02:11 gremlin-1 exo[1117701]: 2026-02-14 01:02:11.464 | DEBUG    | exo.worker.engines.tinygrad.llama_transformer:assign_weights_to_model:2467 - Loaded weight: model.layers.18.post_attention_layernorm.weight
Feb 14 01:02:11 gremlin-1 exo[1117701]: 2026-02-14 01:02:11.464 | DEBUG    | exo.worker.engines.tinygrad.llama_transformer:assign_weights_to_model:2467 - Loaded weight: model.layers.18.mlp.gate_proj.weight
Feb 14 01:02:11 gremlin-1 exo[1117701]: 2026-02-14 01:02:11.464 | DEBUG    | exo.worker.engines.tinygrad.llama_transformer:assign_weights_to_model:2467 - Loaded weight: model.layers.18.mlp.up_proj.weight
Feb 14 01:02:11 gremlin-1 exo[1117701]: 2026-02-14 01:02:11.464 | DEBUG    | exo.worker.engines.tinygrad.llama_transformer:assign_weights_to_model:2467 - Loaded weight: model.layers.18.mlp.down_proj.weight
Feb 14 01:02:11 gremlin-1 exo[1117701]: 2026-02-14 01:02:11.464 | DEBUG    | exo.worker.engines.tinygrad.llama_transformer:assign_weights_to_model:2467 - Loaded weight: model.layers.19.input_layernorm.weight
Feb 14 01:02:11 gremlin-1 exo[1117701]: 2026-02-14 01:02:11.465 | DEBUG    | exo.worker.engines.tinygrad.llama_transformer:assign_weights_to_model:2467 - Loaded weight: model.layers.19.self_attn.q_proj.weight
Feb 14 01:02:11 gremlin-1 exo[1117701]: 2026-02-14 01:02:11.465 | DEBUG    | exo.worker.engines.tinygrad.llama_transformer:assign_weights_to_model:2467 - Loaded weight: model.layers.19.self_attn.k_proj.weight
Feb 14 01:02:11 gremlin-1 exo[1117701]: 2026-02-14 01:02:11.465 | DEBUG    | exo.worker.engines.tinygrad.llama_transformer:assign_weights_to_model:2467 - Loaded weight: model.layers.19.self_attn.v_proj.weight
Feb 14 01:02:11 gremlin-1 exo[1117701]: 2026-02-14 01:02:11.465 | DEBUG    | exo.worker.engines.tinygrad.llama_transformer:assign_weights_to_model:2467 - Loaded weight: model.layers.19.self_attn.o_proj.weight
Feb 14 01:02:11 gremlin-1 exo[1117701]: 2026-02-14 01:02:11.465 | DEBUG    | exo.worker.engines.tinygrad.llama_transformer:assign_weights_to_model:2467 - Loaded weight: model.layers.19.post_attention_layernorm.weight
Feb 14 01:02:11 gremlin-1 exo[1117701]: 2026-02-14 01:02:11.465 | DEBUG    | exo.worker.engines.tinygrad.llama_transformer:assign_weights_to_model:2467 - Loaded weight: model.layers.19.mlp.gate_proj.weight
Feb 14 01:02:11 gremlin-1 exo[1117701]: 2026-02-14 01:02:11.465 | DEBUG    | exo.worker.engines.tinygrad.llama_transformer:assign_weights_to_model:2467 - Loaded weight: model.layers.19.mlp.up_proj.weight
Feb 14 01:02:11 gremlin-1 exo[1117701]: 2026-02-14 01:02:11.466 | DEBUG    | exo.worker.engines.tinygrad.llama_transformer:assign_weights_to_model:2467 - Loaded weight: model.layers.19.mlp.down_proj.weight
Feb 14 01:02:11 gremlin-1 exo[1117701]: 2026-02-14 01:02:11.466 | DEBUG    | exo.worker.engines.tinygrad.llama_transformer:assign_weights_to_model:2467 - Loaded weight: model.layers.20.input_layernorm.weight
Feb 14 01:02:11 gremlin-1 exo[1117701]: 2026-02-14 01:02:11.466 | DEBUG    | exo.worker.engines.tinygrad.llama_transformer:assign_weights_to_model:2467 - Loaded weight: model.layers.20.self_attn.q_proj.weight
Feb 14 01:02:11 gremlin-1 exo[1117701]: 2026-02-14 01:02:11.466 | DEBUG    | exo.worker.engines.tinygrad.llama_transformer:assign_weights_to_model:2467 - Loaded weight: model.layers.20.self_attn.k_proj.weight
Feb 14 01:02:11 gremlin-1 exo[1117701]: 2026-02-14 01:02:11.466 | DEBUG    | exo.worker.engines.tinygrad.llama_transformer:assign_weights_to_model:2467 - Loaded weight: model.layers.20.self_attn.v_proj.weight
Feb 14 01:02:11 gremlin-1 exo[1117701]: 2026-02-14 01:02:11.466 | DEBUG    | exo.worker.engines.tinygrad.llama_transformer:assign_weights_to_model:2467 - Loaded weight: model.layers.20.self_attn.o_proj.weight
Feb 14 01:02:11 gremlin-1 exo[1117701]: 2026-02-14 01:02:11.466 | DEBUG    | exo.worker.engines.tinygrad.llama_transformer:assign_weights_to_model:2467 - Loaded weight: model.layers.20.post_attention_layernorm.weight
Feb 14 01:02:11 gremlin-1 exo[1117701]: 2026-02-14 01:02:11.467 | DEBUG    | exo.worker.engines.tinygrad.llama_transformer:assign_weights_to_model:2467 - Loaded weight: model.layers.20.mlp.gate_proj.weight
Feb 14 01:02:11 gremlin-1 exo[1117701]: 2026-02-14 01:02:11.467 | DEBUG    | exo.worker.engines.tinygrad.llama_transformer:assign_weights_to_model:2467 - Loaded weight: model.layers.20.mlp.up_proj.weight
Feb 14 01:02:11 gremlin-1 exo[1117701]: 2026-02-14 01:02:11.467 | DEBUG    | exo.worker.engines.tinygrad.llama_transformer:assign_weights_to_model:2467 - Loaded weight: model.layers.20.mlp.down_proj.weight
Feb 14 01:02:11 gremlin-1 exo[1117701]: 2026-02-14 01:02:11.467 | DEBUG    | exo.worker.engines.tinygrad.llama_transformer:assign_weights_to_model:2467 - Loaded weight: model.layers.21.input_layernorm.weight
Feb 14 01:02:11 gremlin-1 exo[1117701]: 2026-02-14 01:02:11.467 | DEBUG    | exo.worker.engines.tinygrad.llama_transformer:assign_weights_to_model:2467 - Loaded weight: model.layers.21.self_attn.q_proj.weight
Feb 14 01:02:11 gremlin-1 exo[1117701]: 2026-02-14 01:02:11.467 | DEBUG    | exo.worker.engines.tinygrad.llama_transformer:assign_weights_to_model:2467 - Loaded weight: model.layers.21.self_attn.k_proj.weight
Feb 14 01:02:11 gremlin-1 exo[1117701]: 2026-02-14 01:02:11.467 | DEBUG    | exo.worker.engines.tinygrad.llama_transformer:assign_weights_to_model:2467 - Loaded weight: model.layers.21.self_attn.v_proj.weight
Feb 14 01:02:11 gremlin-1 exo[1117701]: 2026-02-14 01:02:11.468 | DEBUG    | exo.worker.engines.tinygrad.llama_transformer:assign_weights_to_model:2467 - Loaded weight: model.layers.21.self_attn.o_proj.weight
Feb 14 01:02:11 gremlin-1 exo[1117701]: 2026-02-14 01:02:11.468 | DEBUG    | exo.worker.engines.tinygrad.llama_transformer:assign_weights_to_model:2467 - Loaded weight: model.layers.21.post_attention_layernorm.weight
Feb 14 01:02:11 gremlin-1 exo[1117701]: 2026-02-14 01:02:11.468 | DEBUG    | exo.worker.engines.tinygrad.llama_transformer:assign_weights_to_model:2467 - Loaded weight: model.layers.21.mlp.gate_proj.weight
Feb 14 01:02:11 gremlin-1 exo[1117701]: 2026-02-14 01:02:11.468 | DEBUG    | exo.worker.engines.tinygrad.llama_transformer:assign_weights_to_model:2467 - Loaded weight: model.layers.21.mlp.up_proj.weight
Feb 14 01:02:11 gremlin-1 exo[1117701]: 2026-02-14 01:02:11.468 | DEBUG    | exo.worker.engines.tinygrad.llama_transformer:assign_weights_to_model:2467 - Loaded weight: model.layers.21.mlp.down_proj.weight
Feb 14 01:02:11 gremlin-1 exo[1117701]: 2026-02-14 01:02:11.468 | DEBUG    | exo.worker.engines.tinygrad.llama_transformer:assign_weights_to_model:2467 - Loaded weight: model.layers.22.input_layernorm.weight
Feb 14 01:02:11 gremlin-1 exo[1117701]: 2026-02-14 01:02:11.468 | DEBUG    | exo.worker.engines.tinygrad.llama_transformer:assign_weights_to_model:2467 - Loaded weight: model.layers.22.self_attn.q_proj.weight
Feb 14 01:02:11 gremlin-1 exo[1117701]: 2026-02-14 01:02:11.468 | DEBUG    | exo.worker.engines.tinygrad.llama_transformer:assign_weights_to_model:2467 - Loaded weight: model.layers.22.self_attn.k_proj.weight
Feb 14 01:02:11 gremlin-1 exo[1117701]: 2026-02-14 01:02:11.469 | DEBUG    | exo.worker.engines.tinygrad.llama_transformer:assign_weights_to_model:2467 - Loaded weight: model.layers.22.self_attn.v_proj.weight
Feb 14 01:02:11 gremlin-1 exo[1117701]: 2026-02-14 01:02:11.469 | DEBUG    | exo.worker.engines.tinygrad.llama_transformer:assign_weights_to_model:2467 - Loaded weight: model.layers.22.self_attn.o_proj.weight
Feb 14 01:02:11 gremlin-1 exo[1117701]: 2026-02-14 01:02:11.469 | DEBUG    | exo.worker.engines.tinygrad.llama_transformer:assign_weights_to_model:2467 - Loaded weight: model.layers.22.post_attention_layernorm.weight
Feb 14 01:02:11 gremlin-1 exo[1117701]: 2026-02-14 01:02:11.469 | DEBUG    | exo.worker.engines.tinygrad.llama_transformer:assign_weights_to_model:2467 - Loaded weight: model.layers.22.mlp.gate_proj.weight
Feb 14 01:02:11 gremlin-1 exo[1117701]: 2026-02-14 01:02:11.469 | DEBUG    | exo.worker.engines.tinygrad.llama_transformer:assign_weights_to_model:2467 - Loaded weight: model.layers.22.mlp.up_proj.weight
Feb 14 01:02:11 gremlin-1 exo[1117701]: 2026-02-14 01:02:11.469 | DEBUG    | exo.worker.engines.tinygrad.llama_transformer:assign_weights_to_model:2467 - Loaded weight: model.layers.22.mlp.down_proj.weight
Feb 14 01:02:11 gremlin-1 exo[1117701]: 2026-02-14 01:02:11.469 | DEBUG    | exo.worker.engines.tinygrad.llama_transformer:assign_weights_to_model:2467 - Loaded weight: model.layers.23.input_layernorm.weight
Feb 14 01:02:11 gremlin-1 exo[1117701]: 2026-02-14 01:02:11.470 | DEBUG    | exo.worker.engines.tinygrad.llama_transformer:assign_weights_to_model:2467 - Loaded weight: model.layers.23.self_attn.q_proj.weight
Feb 14 01:02:11 gremlin-1 exo[1117701]: 2026-02-14 01:02:11.470 | DEBUG    | exo.worker.engines.tinygrad.llama_transformer:assign_weights_to_model:2467 - Loaded weight: model.layers.23.self_attn.k_proj.weight
Feb 14 01:02:11 gremlin-1 exo[1117701]: 2026-02-14 01:02:11.470 | DEBUG    | exo.worker.engines.tinygrad.llama_transformer:assign_weights_to_model:2467 - Loaded weight: model.layers.23.self_attn.v_proj.weight
Feb 14 01:02:11 gremlin-1 exo[1117701]: 2026-02-14 01:02:11.470 | DEBUG    | exo.worker.engines.tinygrad.llama_transformer:assign_weights_to_model:2467 - Loaded weight: model.layers.23.self_attn.o_proj.weight
Feb 14 01:02:11 gremlin-1 exo[1117701]: 2026-02-14 01:02:11.470 | DEBUG    | exo.worker.engines.tinygrad.llama_transformer:assign_weights_to_model:2467 - Loaded weight: model.layers.23.post_attention_layernorm.weight
Feb 14 01:02:11 gremlin-1 exo[1117701]: 2026-02-14 01:02:11.470 | DEBUG    | exo.worker.engines.tinygrad.llama_transformer:assign_weights_to_model:2467 - Loaded weight: model.layers.23.mlp.gate_proj.weight
Feb 14 01:02:11 gremlin-1 exo[1117701]: 2026-02-14 01:02:11.470 | DEBUG    | exo.worker.engines.tinygrad.llama_transformer:assign_weights_to_model:2467 - Loaded weight: model.layers.23.mlp.up_proj.weight
Feb 14 01:02:11 gremlin-1 exo[1117701]: 2026-02-14 01:02:11.471 | DEBUG    | exo.worker.engines.tinygrad.llama_transformer:assign_weights_to_model:2467 - Loaded weight: model.layers.23.mlp.down_proj.weight
Feb 14 01:02:11 gremlin-1 exo[1117701]: 2026-02-14 01:02:11.471 | DEBUG    | exo.worker.engines.tinygrad.llama_transformer:assign_weights_to_model:2467 - Loaded weight: model.layers.24.input_layernorm.weight
Feb 14 01:02:11 gremlin-1 exo[1117701]: 2026-02-14 01:02:11.471 | DEBUG    | exo.worker.engines.tinygrad.llama_transformer:assign_weights_to_model:2467 - Loaded weight: model.layers.24.self_attn.q_proj.weight
Feb 14 01:02:11 gremlin-1 exo[1117701]: 2026-02-14 01:02:11.471 | DEBUG    | exo.worker.engines.tinygrad.llama_transformer:assign_weights_to_model:2467 - Loaded weight: model.layers.24.self_attn.k_proj.weight
Feb 14 01:02:11 gremlin-1 exo[1117701]: 2026-02-14 01:02:11.471 | DEBUG    | exo.worker.engines.tinygrad.llama_transformer:assign_weights_to_model:2467 - Loaded weight: model.layers.24.self_attn.v_proj.weight
Feb 14 01:02:11 gremlin-1 exo[1117701]: 2026-02-14 01:02:11.471 | DEBUG    | exo.worker.engines.tinygrad.llama_transformer:assign_weights_to_model:2467 - Loaded weight: model.layers.24.self_attn.o_proj.weight
Feb 14 01:02:11 gremlin-1 exo[1117701]: 2026-02-14 01:02:11.471 | DEBUG    | exo.worker.engines.tinygrad.llama_transformer:assign_weights_to_model:2467 - Loaded weight: model.layers.24.post_attention_layernorm.weight
Feb 14 01:02:11 gremlin-1 exo[1117701]: 2026-02-14 01:02:11.472 | DEBUG    | exo.worker.engines.tinygrad.llama_transformer:assign_weights_to_model:2467 - Loaded weight: model.layers.24.mlp.gate_proj.weight
Feb 14 01:02:11 gremlin-1 exo[1117701]: 2026-02-14 01:02:11.472 | DEBUG    | exo.worker.engines.tinygrad.llama_transformer:assign_weights_to_model:2467 - Loaded weight: model.layers.24.mlp.up_proj.weight
Feb 14 01:02:11 gremlin-1 exo[1117701]: 2026-02-14 01:02:11.472 | DEBUG    | exo.worker.engines.tinygrad.llama_transformer:assign_weights_to_model:2467 - Loaded weight: model.layers.24.mlp.down_proj.weight
Feb 14 01:02:11 gremlin-1 exo[1117701]: 2026-02-14 01:02:11.472 | DEBUG    | exo.worker.engines.tinygrad.llama_transformer:assign_weights_to_model:2467 - Loaded weight: model.layers.25.input_layernorm.weight
Feb 14 01:02:11 gremlin-1 exo[1117701]: 2026-02-14 01:02:11.472 | DEBUG    | exo.worker.engines.tinygrad.llama_transformer:assign_weights_to_model:2467 - Loaded weight: model.layers.25.self_attn.q_proj.weight
Feb 14 01:02:11 gremlin-1 exo[1117701]: 2026-02-14 01:02:11.472 | DEBUG    | exo.worker.engines.tinygrad.llama_transformer:assign_weights_to_model:2467 - Loaded weight: model.layers.25.self_attn.k_proj.weight
Feb 14 01:02:11 gremlin-1 exo[1117701]: 2026-02-14 01:02:11.473 | DEBUG    | exo.worker.engines.tinygrad.llama_transformer:assign_weights_to_model:2467 - Loaded weight: model.layers.25.self_attn.v_proj.weight
Feb 14 01:02:11 gremlin-1 exo[1117701]: 2026-02-14 01:02:11.473 | DEBUG    | exo.worker.engines.tinygrad.llama_transformer:assign_weights_to_model:2467 - Loaded weight: model.layers.25.self_attn.o_proj.weight
Feb 14 01:02:11 gremlin-1 exo[1117701]: 2026-02-14 01:02:11.473 | DEBUG    | exo.worker.engines.tinygrad.llama_transformer:assign_weights_to_model:2467 - Loaded weight: model.layers.25.post_attention_layernorm.weight
Feb 14 01:02:11 gremlin-1 exo[1117701]: 2026-02-14 01:02:11.473 | DEBUG    | exo.worker.engines.tinygrad.llama_transformer:assign_weights_to_model:2467 - Loaded weight: model.layers.25.mlp.gate_proj.weight
Feb 14 01:02:11 gremlin-1 exo[1117701]: 2026-02-14 01:02:11.473 | DEBUG    | exo.worker.engines.tinygrad.llama_transformer:assign_weights_to_model:2467 - Loaded weight: model.layers.25.mlp.up_proj.weight
Feb 14 01:02:11 gremlin-1 exo[1117701]: 2026-02-14 01:02:11.473 | DEBUG    | exo.worker.engines.tinygrad.llama_transformer:assign_weights_to_model:2467 - Loaded weight: model.layers.25.mlp.down_proj.weight
Feb 14 01:02:11 gremlin-1 exo[1117701]: 2026-02-14 01:02:11.473 | DEBUG    | exo.worker.engines.tinygrad.llama_transformer:assign_weights_to_model:2467 - Loaded weight: model.layers.26.input_layernorm.weight
Feb 14 01:02:11 gremlin-1 exo[1117701]: 2026-02-14 01:02:11.474 | DEBUG    | exo.worker.engines.tinygrad.llama_transformer:assign_weights_to_model:2467 - Loaded weight: model.layers.26.self_attn.q_proj.weight
Feb 14 01:02:11 gremlin-1 exo[1117701]: 2026-02-14 01:02:11.474 | DEBUG    | exo.worker.engines.tinygrad.llama_transformer:assign_weights_to_model:2467 - Loaded weight: model.layers.26.self_attn.k_proj.weight
Feb 14 01:02:11 gremlin-1 exo[1117701]: 2026-02-14 01:02:11.474 | DEBUG    | exo.worker.engines.tinygrad.llama_transformer:assign_weights_to_model:2467 - Loaded weight: model.layers.26.self_attn.v_proj.weight
Feb 14 01:02:11 gremlin-1 exo[1117701]: 2026-02-14 01:02:11.474 | DEBUG    | exo.worker.engines.tinygrad.llama_transformer:assign_weights_to_model:2467 - Loaded weight: model.layers.26.self_attn.o_proj.weight
Feb 14 01:02:11 gremlin-1 exo[1117701]: 2026-02-14 01:02:11.474 | DEBUG    | exo.worker.engines.tinygrad.llama_transformer:assign_weights_to_model:2467 - Loaded weight: model.layers.26.post_attention_layernorm.weight
Feb 14 01:02:11 gremlin-1 exo[1117701]: 2026-02-14 01:02:11.474 | DEBUG    | exo.worker.engines.tinygrad.llama_transformer:assign_weights_to_model:2467 - Loaded weight: model.layers.26.mlp.gate_proj.weight
Feb 14 01:02:11 gremlin-1 exo[1117701]: 2026-02-14 01:02:11.474 | DEBUG    | exo.worker.engines.tinygrad.llama_transformer:assign_weights_to_model:2467 - Loaded weight: model.layers.26.mlp.up_proj.weight
Feb 14 01:02:11 gremlin-1 exo[1117701]: 2026-02-14 01:02:11.475 | DEBUG    | exo.worker.engines.tinygrad.llama_transformer:assign_weights_to_model:2467 - Loaded weight: model.layers.26.mlp.down_proj.weight
Feb 14 01:02:11 gremlin-1 exo[1117701]: 2026-02-14 01:02:11.475 | DEBUG    | exo.worker.engines.tinygrad.llama_transformer:assign_weights_to_model:2467 - Loaded weight: model.layers.27.input_layernorm.weight
Feb 14 01:02:11 gremlin-1 exo[1117701]: 2026-02-14 01:02:11.475 | DEBUG    | exo.worker.engines.tinygrad.llama_transformer:assign_weights_to_model:2467 - Loaded weight: model.layers.27.self_attn.q_proj.weight
Feb 14 01:02:11 gremlin-1 exo[1117701]: 2026-02-14 01:02:11.475 | DEBUG    | exo.worker.engines.tinygrad.llama_transformer:assign_weights_to_model:2467 - Loaded weight: model.layers.27.self_attn.k_proj.weight
Feb 14 01:02:11 gremlin-1 exo[1117701]: 2026-02-14 01:02:11.475 | DEBUG    | exo.worker.engines.tinygrad.llama_transformer:assign_weights_to_model:2467 - Loaded weight: model.layers.27.self_attn.v_proj.weight
Feb 14 01:02:11 gremlin-1 exo[1117701]: 2026-02-14 01:02:11.475 | DEBUG    | exo.worker.engines.tinygrad.llama_transformer:assign_weights_to_model:2467 - Loaded weight: model.layers.27.self_attn.o_proj.weight
Feb 14 01:02:11 gremlin-1 exo[1117701]: 2026-02-14 01:02:11.475 | DEBUG    | exo.worker.engines.tinygrad.llama_transformer:assign_weights_to_model:2467 - Loaded weight: model.layers.27.post_attention_layernorm.weight
Feb 14 01:02:11 gremlin-1 exo[1117701]: 2026-02-14 01:02:11.476 | DEBUG    | exo.worker.engines.tinygrad.llama_transformer:assign_weights_to_model:2467 - Loaded weight: model.layers.27.mlp.gate_proj.weight
Feb 14 01:02:11 gremlin-1 exo[1117701]: 2026-02-14 01:02:11.476 | DEBUG    | exo.worker.engines.tinygrad.llama_transformer:assign_weights_to_model:2467 - Loaded weight: model.layers.27.mlp.up_proj.weight
Feb 14 01:02:11 gremlin-1 exo[1117701]: 2026-02-14 01:02:11.476 | DEBUG    | exo.worker.engines.tinygrad.llama_transformer:assign_weights_to_model:2467 - Loaded weight: model.layers.27.mlp.down_proj.weight
Feb 14 01:02:11 gremlin-1 exo[1117701]: 2026-02-14 01:02:11.476 | DEBUG    | exo.worker.engines.tinygrad.llama_transformer:assign_weights_to_model:2467 - Loaded weight: model.norm.weight
Feb 14 01:02:11 gremlin-1 exo[1117701]: 2026-02-14 01:02:11.476 | INFO     | exo.worker.engines.tinygrad.llama_transformer:assign_weights_to_model:2431 - Using model.embed_tokens.weight for lm_head.weight (weight tying)
Feb 14 01:02:11 gremlin-1 exo[1117701]: 2026-02-14 01:02:11.476 | DEBUG    | exo.worker.engines.tinygrad.llama_transformer:assign_weights_to_model:2467 - Loaded weight: lm_head.weight
Feb 14 01:02:11 gremlin-1 exo[1117701]: 2026-02-14 01:02:11.476 | INFO     | exo.worker.engines.tinygrad.llama_transformer:assign_weights_to_model:2481 - Weight assignment complete
Feb 14 01:02:11 gremlin-1 exo[1117701]: 2026-02-14 01:02:11.476 | INFO     | exo.worker.engines.tinygrad.model_loader:_create_model_with_weights:528 - Successfully created LlamaTransformer with weights
Feb 14 01:02:11 gremlin-1 exo[1117701]: 2026-02-14 01:02:11.477 | INFO     | exo.worker.engines.tinygrad.model_loader:load_tinygrad_model:91 - Successfully loaded tinygrad model
Feb 14 01:02:11 gremlin-1 exo[1116617]: [ 01:02:11.477 | INFO     | exo.worker.runner.runner:main:338 ] Tinygrad model loaded successfully on GPU
Feb 14 01:02:11 gremlin-1 exo[1116617]: [ 01:02:11.478 | INFO     | exo.worker.runner.runner:main:430 ] runner loaded
Feb 14 01:02:11 gremlin-1 exo[1116617]: [ 01:02:11.479 | DEBUG    | exo.worker.main:_forward_events:339 ] Worker published event 106: BackendInitialized(event_id='a2e87d96-83a7-49e2-b15f-874087f5a2b4' runner_id='bdadf40d-7810-4533-972
Feb 14 01:02:11 gremlin-1 exo[1116617]: [ 01:02:11.480 | DEBUG    | exo.master.main:_event_processor:386 ] Master indexing event: BackendInitialized(event_id='a2e87d96-83a7-49e2-b15f-874087f5a2b4' runner_id='bdadf40d-7810-4533-972
Feb 14 01:02:11 gremlin-1 exo[1116617]: [ 01:02:11.481 | DEBUG    | exo.worker.main:_forward_events:339 ] Worker published event 107: TaskStatusUpdated(event_id='96292b22-e848-4714-98e5-acafd3281ce7' task_id='1682857f-0568-494f-bd3a-0
Feb 14 01:02:11 gremlin-1 exo[1116617]: [ 01:02:11.482 | DEBUG    | exo.master.main:_event_processor:386 ] Master indexing event: TaskStatusUpdated(event_id='96292b22-e848-4714-98e5-acafd3281ce7' task_id='1682857f-0568-494f-bd3a-0
Feb 14 01:02:11 gremlin-1 exo[1116617]: [ 01:02:11.483 | DEBUG    | exo.worker.main:_forward_events:339 ] Worker published event 108: RunnerStatusUpdated(event_id='50809e53-2773-4bf0-b413-e7cf38c0a410' runner_id='bdadf40d-7810-4533-97
Feb 14 01:02:11 gremlin-1 exo[1116617]: [ 01:02:11.484 | DEBUG    | exo.master.main:_event_processor:386 ] Master indexing event: RunnerStatusUpdated(event_id='50809e53-2773-4bf0-b413-e7cf38c0a410' runner_id='bdadf40d-7810-4533-97
Feb 14 01:02:11 gremlin-1 exo[1116617]: [ 01:02:11.502 | INFO     | exo.worker.main:plan_step:186 ] Worker plan: StartWarmup
Feb 14 01:02:11 gremlin-1 exo[1116617]: [ 01:02:11.502 | INFO     | exo.worker.runner.runner_supervisor:start_task:134 ] Starting task StartWarmup(task_id='3ba6dac3-1591-4779-89d0-c7b71b6a4cde' task_status=<TaskStatus.Pending: 'Pending'> instance_id='4197d95c-12b9-448f-8d88-f088edb7b935')
Feb 14 01:02:11 gremlin-1 exo[1116617]: [ 01:02:11.503 | DEBUG    | exo.worker.main:_forward_events:339 ] Worker published event 109: TaskCreated(event_id='080fcea4-9349-4de7-9aa6-75a390e25a72' task_id='3ba6dac3-1591-4779-89d0-c7b71b6
Feb 14 01:02:11 gremlin-1 exo[1116617]: [ 01:02:11.504 | DEBUG    | exo.master.main:_event_processor:386 ] Master indexing event: TaskCreated(event_id='080fcea4-9349-4de7-9aa6-75a390e25a72' task_id='3ba6dac3-1591-4779-89d0-c7b71b6
Feb 14 01:02:11 gremlin-1 exo[1116617]: [ 01:02:11.504 | INFO     | exo.worker.runner.runner:main:441 ] runner warming up
Feb 14 01:02:11 gremlin-1 exo[1116617]: [ 01:02:11.505 | INFO     | exo.worker.runner.runner:main:449 ] warming up inference for instance: TinygradRingInstance(instance_id='4197d95c-12b9-448f-8d88-f088edb7b935' shard_assignments=ShardAssignments(model_id='meta-llama/Llama-3.2-3B-Instruct', runner_to_shard={'bdadf40d-7810-4533-9723-853039ef5936': PipelineShardMetadata(model_card=ModelCard(model_id='meta-llama/Llama-3.2-3B-Instruct', storage_size=Memory(in_bytes=6425499648), n_layers=28, hidden_size=3072, supports_tensor=True, tasks=[<ModelTask.TextGeneration: 'TextGeneration'>], components=None, family='', quantization='', base_model='', capabilities=[], uses_cfg=False), device_rank=0, world_size=1, immediate_exception=False, should_timeout=None, start_layer=0, end_layer=28, n_layers=28)}, node_to_runner={'12D3KooWFqJJWdMdMqg7KvrGjxbVsQDJoZVLowt7DVkf4558y9RT': 'bdadf40d-7810-4533-9723-853039ef5936'}) hosts_by_node={'12D3KooWFqJJWdMdMqg7KvrGjxbVsQDJoZVLowt7DVkf4558y9RT': [Host(ip='0.0.0.0', port=55869)]} ephemeral_port=55869)
Feb 14 01:02:11 gremlin-1 exo[1116617]: [ 01:02:11.505 | INFO     | exo.worker.runner.runner:main:465 ] Skipping warmup for tinygrad backend
Feb 14 01:02:11 gremlin-1 exo[1116617]: [ 01:02:11.505 | INFO     | exo.worker.runner.runner:main:467 ] runner initialized in 14.819564580917358 seconds
Feb 14 01:02:11 gremlin-1 exo[1116617]: [ 01:02:11.505 | DEBUG    | exo.worker.main:_forward_events:339 ] Worker published event 110: TaskStatusUpdated(event_id='10be6c4f-9ded-4eb6-a3af-df766753d789' task_id='3ba6dac3-1591-4779-89d0-c
Feb 14 01:02:11 gremlin-1 exo[1116617]: [ 01:02:11.506 | INFO     | exo.worker.runner.runner:main:485 ] runner ready
Feb 14 01:02:11 gremlin-1 exo[1116617]: [ 01:02:11.507 | DEBUG    | exo.master.main:_event_processor:386 ] Master indexing event: TaskStatusUpdated(event_id='10be6c4f-9ded-4eb6-a3af-df766753d789' task_id='3ba6dac3-1591-4779-89d0-c
Feb 14 01:02:11 gremlin-1 exo[1116617]: [ 01:02:11.507 | DEBUG    | exo.worker.main:_forward_events:339 ] Worker published event 111: RunnerStatusUpdated(event_id='441746e0-6e14-4622-b3fd-1b10b3062523' runner_id='bdadf40d-7810-4533-97
Feb 14 01:02:11 gremlin-1 exo[1116617]: [ 01:02:11.508 | DEBUG    | exo.master.main:_event_processor:386 ] Master indexing event: RunnerStatusUpdated(event_id='441746e0-6e14-4622-b3fd-1b10b3062523' runner_id='bdadf40d-7810-4533-97
Feb 14 01:02:11 gremlin-1 exo[1116617]: [ 01:02:11.510 | DEBUG    | exo.master.api:_log_requests:199 ] API request: GET /state
Feb 14 01:02:11 gremlin-1 exo[1116617]: [ 01:02:11.521 | DEBUG    | exo.worker.main:_forward_events:339 ] Worker published event 112: TaskStatusUpdated(event_id='b3586a71-07c9-478e-96fb-626c3d052d26' task_id='3ba6dac3-1591-4779-89d0-c
Feb 14 01:02:11 gremlin-1 exo[1116617]: [ 01:02:11.522 | DEBUG    | exo.master.main:_event_processor:386 ] Master indexing event: TaskStatusUpdated(event_id='b3586a71-07c9-478e-96fb-626c3d052d26' task_id='3ba6dac3-1591-4779-89d0-c
Feb 14 01:02:11 gremlin-1 exo[1116617]: [ 01:02:11.523 | DEBUG    | exo.worker.main:_forward_events:339 ] Worker published event 113: RunnerStatusUpdated(event_id='8a391932-9ecf-4ca7-a00b-414639338d78' runner_id='bdadf40d-7810-4533-97
Feb 14 01:02:11 gremlin-1 exo[1116617]: [ 01:02:11.524 | DEBUG    | exo.master.main:_event_processor:386 ] Master indexing event: RunnerStatusUpdated(event_id='8a391932-9ecf-4ca7-a00b-414639338d78' runner_id='bdadf40d-7810-4533-97
Feb 14 01:02:12 gremlin-1 exo[1116617]: [ 01:02:12.102 | DEBUG    | exo.worker.main:_forward_events:339 ] Worker published event 114: NodeGatheredInfo(event_id='60ac32b3-9d6a-48a9-aa16-0905c7ee79f8' node_id='12D3KooWFqJJWdMdMqg7KvrGjx
Feb 14 01:02:12 gremlin-1 exo[1116617]: [ 01:02:12.104 | DEBUG    | exo.master.main:_event_processor:386 ] Master indexing event: NodeGatheredInfo(event_id='60ac32b3-9d6a-48a9-aa16-0905c7ee79f8' node_id='12D3KooWFqJJWdMdMqg7KvrGjx
Feb 14 01:02:12 gremlin-1 exo[1116617]: [ 01:02:12.509 | DEBUG    | exo.master.api:_log_requests:199 ] API request: GET /state
Feb 14 01:02:13 gremlin-1 exo[1116617]: [ 01:02:13.104 | DEBUG    | exo.worker.main:_forward_events:339 ] Worker published event 115: NodeGatheredInfo(event_id='da2b7e8a-2e0e-472d-8c00-5ca35a0ed11c' node_id='12D3KooWFqJJWdMdMqg7KvrGjx
Feb 14 01:02:13 gremlin-1 exo[1116617]: [ 01:02:13.105 | DEBUG    | exo.master.main:_event_processor:386 ] Master indexing event: NodeGatheredInfo(event_id='da2b7e8a-2e0e-472d-8c00-5ca35a0ed11c' node_id='12D3KooWFqJJWdMdMqg7KvrGjx
Feb 14 01:02:13 gremlin-1 exo[1116617]: [ 01:02:13.510 | DEBUG    | exo.master.api:_log_requests:199 ] API request: GET /state
Feb 14 01:02:14 gremlin-1 exo[1116617]: [ 01:02:14.116 | DEBUG    | exo.worker.main:_forward_events:339 ] Worker published event 116: NodeGatheredInfo(event_id='9e697526-d772-4f05-ba4a-fa9676264fc8' node_id='12D3KooWFqJJWdMdMqg7KvrGjx
Feb 14 01:02:14 gremlin-1 exo[1116617]: [ 01:02:14.118 | DEBUG    | exo.worker.main:_forward_events:339 ] Worker published event 117: NodeGatheredInfo(event_id='8a8d0ec1-defd-452a-bee0-21bfef1e47ca' node_id='12D3KooWFqJJWdMdMqg7KvrGjx
Feb 14 01:02:14 gremlin-1 exo[1116617]: [ 01:02:14.120 | DEBUG    | exo.master.main:_event_processor:386 ] Master indexing event: NodeGatheredInfo(event_id='9e697526-d772-4f05-ba4a-fa9676264fc8' node_id='12D3KooWFqJJWdMdMqg7KvrGjx
Feb 14 01:02:14 gremlin-1 exo[1116617]: [ 01:02:14.122 | DEBUG    | exo.master.main:_event_processor:386 ] Master indexing event: NodeGatheredInfo(event_id='8a8d0ec1-defd-452a-bee0-21bfef1e47ca' node_id='12D3KooWFqJJWdMdMqg7KvrGjx
Feb 14 01:02:14 gremlin-1 exo[1116617]: [ 01:02:14.515 | DEBUG    | exo.master.api:_log_requests:199 ] API request: GET /state
Feb 14 01:02:15 gremlin-1 exo[1116617]: [ 01:02:15.117 | DEBUG    | exo.worker.main:_forward_events:339 ] Worker published event 118: NodeGatheredInfo(event_id='fc027a04-303e-499e-9ffc-cd8dca599ce9' node_id='12D3KooWFqJJWdMdMqg7KvrGjx
Feb 14 01:02:15 gremlin-1 exo[1116617]: [ 01:02:15.118 | DEBUG    | exo.master.main:_event_processor:386 ] Master indexing event: NodeGatheredInfo(event_id='fc027a04-303e-499e-9ffc-cd8dca599ce9' node_id='12D3KooWFqJJWdMdMqg7KvrGjx
Feb 14 01:02:15 gremlin-1 exo[1116617]: [ 01:02:15.513 | DEBUG    | exo.master.api:_log_requests:199 ] API request: GET /state
Feb 14 01:02:16 gremlin-1 exo[1116617]: [ 01:02:16.118 | DEBUG    | exo.worker.main:_forward_events:339 ] Worker published event 119: NodeGatheredInfo(event_id='d089db2b-62d9-46d6-954f-ca6ce1f636c5' node_id='12D3KooWFqJJWdMdMqg7KvrGjx
Feb 14 01:02:16 gremlin-1 exo[1116617]: [ 01:02:16.119 | DEBUG    | exo.master.main:_event_processor:386 ] Master indexing event: NodeGatheredInfo(event_id='d089db2b-62d9-46d6-954f-ca6ce1f636c5' node_id='12D3KooWFqJJWdMdMqg7KvrGjx
Feb 14 01:02:16 gremlin-1 exo[1116617]: [ 01:02:16.529 | DEBUG    | exo.master.api:_log_requests:199 ] API request: GET /state
Feb 14 01:02:17 gremlin-1 exo[1116617]: [ 01:02:17.120 | DEBUG    | exo.worker.main:_forward_events:339 ] Worker published event 120: NodeGatheredInfo(event_id='2c036f52-28d0-400f-8c59-c94f77a898be' node_id='12D3KooWFqJJWdMdMqg7KvrGjx
Feb 14 01:02:17 gremlin-1 exo[1116617]: [ 01:02:17.121 | DEBUG    | exo.master.main:_event_processor:386 ] Master indexing event: NodeGatheredInfo(event_id='2c036f52-28d0-400f-8c59-c94f77a898be' node_id='12D3KooWFqJJWdMdMqg7KvrGjx
Feb 14 01:02:17 gremlin-1 exo[1116617]: [ 01:02:17.530 | DEBUG    | exo.master.api:_log_requests:199 ] API request: GET /state
Feb 14 01:02:18 gremlin-1 exo[1116617]: [ 01:02:18.121 | DEBUG    | exo.worker.main:_forward_events:339 ] Worker published event 121: NodeGatheredInfo(event_id='26f56aed-f238-4209-9036-aed40018bacf' node_id='12D3KooWFqJJWdMdMqg7KvrGjx
Feb 14 01:02:18 gremlin-1 exo[1116617]: [ 01:02:18.122 | DEBUG    | exo.master.main:_event_processor:386 ] Master indexing event: NodeGatheredInfo(event_id='26f56aed-f238-4209-9036-aed40018bacf' node_id='12D3KooWFqJJWdMdMqg7KvrGjx
Feb 14 01:02:18 gremlin-1 exo[1116617]: [ 01:02:18.614 | DEBUG    | exo.master.api:_log_requests:199 ] API request: GET /state
Feb 14 01:02:19 gremlin-1 exo[1116617]: [ 01:02:19.123 | DEBUG    | exo.worker.main:_forward_events:339 ] Worker published event 122: NodeGatheredInfo(event_id='6a408730-292e-451c-b132-3f1db42c4066' node_id='12D3KooWFqJJWdMdMqg7KvrGjx
Feb 14 01:02:19 gremlin-1 exo[1116617]: [ 01:02:19.124 | DEBUG    | exo.master.main:_event_processor:386 ] Master indexing event: NodeGatheredInfo(event_id='6a408730-292e-451c-b132-3f1db42c4066' node_id='12D3KooWFqJJWdMdMqg7KvrGjx
Feb 14 01:02:19 gremlin-1 exo[1116617]: [ 01:02:19.613 | DEBUG    | exo.master.api:_log_requests:199 ] API request: GET /state
Feb 14 01:02:20 gremlin-1 exo[1116617]: [ 01:02:20.125 | DEBUG    | exo.worker.main:_forward_events:339 ] Worker published event 123: NodeGatheredInfo(event_id='7c934e2e-0120-4fa2-a3c6-90bc993636a9' node_id='12D3KooWFqJJWdMdMqg7KvrGjx
Feb 14 01:02:20 gremlin-1 exo[1116617]: [ 01:02:20.126 | DEBUG    | exo.master.main:_event_processor:386 ] Master indexing event: NodeGatheredInfo(event_id='7c934e2e-0120-4fa2-a3c6-90bc993636a9' node_id='12D3KooWFqJJWdMdMqg7KvrGjx
Feb 14 01:02:20 gremlin-1 exo[1116617]: [ 01:02:20.236 | DEBUG    | exo.master.api:_log_requests:199 ] API request: GET /instance/previews
Feb 14 01:02:20 gremlin-1 exo[1116617]: [ 01:02:20.629 | DEBUG    | exo.master.api:_log_requests:199 ] API request: GET /state
Feb 14 01:02:21 gremlin-1 exo[1116617]: [ 01:02:21.127 | DEBUG    | exo.worker.main:_forward_events:339 ] Worker published event 124: NodeGatheredInfo(event_id='9ceb6882-7915-497f-952f-e2fda29b0280' node_id='12D3KooWFqJJWdMdMqg7KvrGjx
Feb 14 01:02:21 gremlin-1 exo[1116617]: [ 01:02:21.127 | DEBUG    | exo.master.main:_event_processor:386 ] Master indexing event: NodeGatheredInfo(event_id='9ceb6882-7915-497f-952f-e2fda29b0280' node_id='12D3KooWFqJJWdMdMqg7KvrGjx
Feb 14 01:02:21 gremlin-1 exo[1116617]: [ 01:02:21.630 | DEBUG    | exo.master.api:_log_requests:199 ] API request: GET /state
Feb 14 01:02:22 gremlin-1 exo[1116617]: [ 01:02:22.128 | DEBUG    | exo.worker.main:_forward_events:339 ] Worker published event 125: NodeGatheredInfo(event_id='5ad21903-b2f6-4a86-bfe8-1c9977db99e9' node_id='12D3KooWFqJJWdMdMqg7KvrGjx
Feb 14 01:02:22 gremlin-1 exo[1116617]: [ 01:02:22.129 | DEBUG    | exo.master.main:_event_processor:386 ] Master indexing event: NodeGatheredInfo(event_id='5ad21903-b2f6-4a86-bfe8-1c9977db99e9' node_id='12D3KooWFqJJWdMdMqg7KvrGjx
Feb 14 01:02:22 gremlin-1 exo[1116617]: [ 01:02:22.630 | DEBUG    | exo.master.api:_log_requests:199 ] API request: GET /state
Feb 14 01:02:23 gremlin-1 exo[1116617]: [ 01:02:23.130 | DEBUG    | exo.worker.main:_forward_events:339 ] Worker published event 126: NodeGatheredInfo(event_id='d5eb455e-76ec-4317-b689-637be16cf66b' node_id='12D3KooWFqJJWdMdMqg7KvrGjx
Feb 14 01:02:23 gremlin-1 exo[1116617]: [ 01:02:23.131 | DEBUG    | exo.master.main:_event_processor:386 ] Master indexing event: NodeGatheredInfo(event_id='d5eb455e-76ec-4317-b689-637be16cf66b' node_id='12D3KooWFqJJWdMdMqg7KvrGjx
Feb 14 01:02:23 gremlin-1 exo[1116617]: [ 01:02:23.645 | DEBUG    | exo.master.api:_log_requests:199 ] API request: GET /state
Feb 14 01:02:24 gremlin-1 exo[1116617]: [ 01:02:24.138 | DEBUG    | exo.worker.main:_forward_events:339 ] Worker published event 127: NodeGatheredInfo(event_id='8c04a251-375a-45d4-b97e-0d9093dd1fd2' node_id='12D3KooWFqJJWdMdMqg7KvrGjx
Feb 14 01:02:24 gremlin-1 exo[1116617]: [ 01:02:24.140 | DEBUG    | exo.worker.main:_forward_events:339 ] Worker published event 128: NodeGatheredInfo(event_id='c9929516-f1ee-41e8-82b6-3ff4b1ceffd9' node_id='12D3KooWFqJJWdMdMqg7KvrGjx
Feb 14 01:02:24 gremlin-1 exo[1116617]: [ 01:02:24.141 | DEBUG    | exo.master.main:_event_processor:386 ] Master indexing event: NodeGatheredInfo(event_id='8c04a251-375a-45d4-b97e-0d9093dd1fd2' node_id='12D3KooWFqJJWdMdMqg7KvrGjx
Feb 14 01:02:24 gremlin-1 exo[1116617]: [ 01:02:24.143 | DEBUG    | exo.master.main:_event_processor:386 ] Master indexing event: NodeGatheredInfo(event_id='c9929516-f1ee-41e8-82b6-3ff4b1ceffd9' node_id='12D3KooWFqJJWdMdMqg7KvrGjx
Feb 14 01:02:24 gremlin-1 exo[1116617]: [ 01:02:24.661 | DEBUG    | exo.master.api:_log_requests:199 ] API request: GET /state
Feb 14 01:02:25 gremlin-1 exo[1116617]: [ 01:02:25.139 | DEBUG    | exo.worker.main:_forward_events:339 ] Worker published event 129: NodeGatheredInfo(event_id='5b8e70b4-641c-4001-9679-d7ba095c1bdc' node_id='12D3KooWFqJJWdMdMqg7KvrGjx
Feb 14 01:02:25 gremlin-1 exo[1116617]: [ 01:02:25.140 | DEBUG    | exo.master.main:_event_processor:386 ] Master indexing event: NodeGatheredInfo(event_id='5b8e70b4-641c-4001-9679-d7ba095c1bdc' node_id='12D3KooWFqJJWdMdMqg7KvrGjx
Feb 14 01:02:25 gremlin-1 exo[1116617]: [ 01:02:25.646 | DEBUG    | exo.master.api:_log_requests:199 ] API request: GET /state
Feb 14 01:02:26 gremlin-1 exo[1116617]: [ 01:02:26.140 | DEBUG    | exo.worker.main:_forward_events:339 ] Worker published event 130: NodeGatheredInfo(event_id='ff950f38-1d3f-422a-9b2e-c2cb9b17e365' node_id='12D3KooWFqJJWdMdMqg7KvrGjx
Feb 14 01:02:26 gremlin-1 exo[1116617]: [ 01:02:26.141 | DEBUG    | exo.master.main:_event_processor:386 ] Master indexing event: NodeGatheredInfo(event_id='ff950f38-1d3f-422a-9b2e-c2cb9b17e365' node_id='12D3KooWFqJJWdMdMqg7KvrGjx
Feb 14 01:02:26 gremlin-1 exo[1116617]: [ 01:02:26.646 | DEBUG    | exo.master.api:_log_requests:199 ] API request: GET /state
Feb 14 01:02:27 gremlin-1 exo[1116617]: [ 01:02:27.141 | DEBUG    | exo.worker.main:_forward_events:339 ] Worker published event 131: NodeGatheredInfo(event_id='e0a920ca-910b-4de1-9bf1-20a1ade3c0c6' node_id='12D3KooWFqJJWdMdMqg7KvrGjx
Feb 14 01:02:27 gremlin-1 exo[1116617]: [ 01:02:27.143 | DEBUG    | exo.master.main:_event_processor:386 ] Master indexing event: NodeGatheredInfo(event_id='e0a920ca-910b-4de1-9bf1-20a1ade3c0c6' node_id='12D3KooWFqJJWdMdMqg7KvrGjx
Feb 14 01:02:27 gremlin-1 exo[1116617]: [ 01:02:27.646 | DEBUG    | exo.master.api:_log_requests:199 ] API request: GET /state
Feb 14 01:02:28 gremlin-1 exo[1116617]: [ 01:02:28.142 | DEBUG    | exo.worker.main:_forward_events:339 ] Worker published event 132: NodeGatheredInfo(event_id='af7dd502-f2f9-4232-950d-5db8d163d944' node_id='12D3KooWFqJJWdMdMqg7KvrGjx
Feb 14 01:02:28 gremlin-1 exo[1116617]: [ 01:02:28.143 | DEBUG    | exo.master.main:_event_processor:386 ] Master indexing event: NodeGatheredInfo(event_id='af7dd502-f2f9-4232-950d-5db8d163d944' node_id='12D3KooWFqJJWdMdMqg7KvrGjx
Feb 14 01:02:28 gremlin-1 exo[1116617]: [ 01:02:28.661 | DEBUG    | exo.master.api:_log_requests:199 ] API request: GET /state
Feb 14 01:02:29 gremlin-1 exo[1116617]: [ 01:02:29.144 | DEBUG    | exo.worker.main:_forward_events:339 ] Worker published event 133: NodeGatheredInfo(event_id='6235aec5-39b5-43bc-af34-16d42ded5557' node_id='12D3KooWFqJJWdMdMqg7KvrGjx
Feb 14 01:02:29 gremlin-1 exo[1116617]: [ 01:02:29.145 | DEBUG    | exo.master.main:_event_processor:386 ] Master indexing event: NodeGatheredInfo(event_id='6235aec5-39b5-43bc-af34-16d42ded5557' node_id='12D3KooWFqJJWdMdMqg7KvrGjx
Feb 14 01:02:29 gremlin-1 exo[1116617]: [ 01:02:29.662 | DEBUG    | exo.master.api:_log_requests:199 ] API request: GET /state
Feb 14 01:02:30 gremlin-1 exo[1116617]: [ 01:02:30.146 | DEBUG    | exo.worker.main:_forward_events:339 ] Worker published event 134: NodeGatheredInfo(event_id='0411f4a5-ad06-437c-96aa-78e057315f0f' node_id='12D3KooWFqJJWdMdMqg7KvrGjx
Feb 14 01:02:30 gremlin-1 exo[1116617]: [ 01:02:30.146 | DEBUG    | exo.master.main:_event_processor:386 ] Master indexing event: NodeGatheredInfo(event_id='0411f4a5-ad06-437c-96aa-78e057315f0f' node_id='12D3KooWFqJJWdMdMqg7KvrGjx
Feb 14 01:02:30 gremlin-1 exo[1116617]: [ 01:02:30.662 | DEBUG    | exo.master.api:_log_requests:199 ] API request: GET /state
Feb 14 01:02:31 gremlin-1 exo[1116617]: [ 01:02:31.147 | DEBUG    | exo.worker.main:_forward_events:339 ] Worker published event 135: NodeGatheredInfo(event_id='273bd4d0-c8f9-4c02-bfdd-eeca46f831a9' node_id='12D3KooWFqJJWdMdMqg7KvrGjx
Feb 14 01:02:31 gremlin-1 exo[1116617]: [ 01:02:31.147 | DEBUG    | exo.master.main:_event_processor:386 ] Master indexing event: NodeGatheredInfo(event_id='273bd4d0-c8f9-4c02-bfdd-eeca46f831a9' node_id='12D3KooWFqJJWdMdMqg7KvrGjx
Feb 14 01:02:31 gremlin-1 exo[1116617]: [ 01:02:31.663 | DEBUG    | exo.master.api:_log_requests:199 ] API request: GET /state
Feb 14 01:02:32 gremlin-1 exo[1116617]: [ 01:02:32.147 | DEBUG    | exo.worker.main:_forward_events:339 ] Worker published event 136: NodeGatheredInfo(event_id='53cf9357-822e-4b27-bd8a-0f5f1dd9c94f' node_id='12D3KooWFqJJWdMdMqg7KvrGjx
Feb 14 01:02:32 gremlin-1 exo[1116617]: [ 01:02:32.148 | DEBUG    | exo.master.main:_event_processor:386 ] Master indexing event: NodeGatheredInfo(event_id='53cf9357-822e-4b27-bd8a-0f5f1dd9c94f' node_id='12D3KooWFqJJWdMdMqg7KvrGjx
Feb 14 01:02:33 gremlin-1 exo[1116617]: [ 01:02:33.149 | DEBUG    | exo.worker.main:_forward_events:339 ] Worker published event 137: NodeGatheredInfo(event_id='deb62ff1-dcf2-433f-b35b-1ca9fbf2db42' node_id='12D3KooWFqJJWdMdMqg7KvrGjx
Feb 14 01:02:33 gremlin-1 exo[1116617]: [ 01:02:33.150 | DEBUG    | exo.master.main:_event_processor:386 ] Master indexing event: NodeGatheredInfo(event_id='deb62ff1-dcf2-433f-b35b-1ca9fbf2db42' node_id='12D3KooWFqJJWdMdMqg7KvrGjx
Feb 14 01:02:33 gremlin-1 exo[1116617]: [ 01:02:33.162 | DEBUG    | exo.master.api:_log_requests:199 ] API request: GET /state
Feb 14 01:02:34 gremlin-1 exo[1116617]: [ 01:02:34.016 | DEBUG    | exo.worker.main:_forward_events:339 ] Worker published event 138: NodeGatheredInfo(event_id='91df0969-d26b-4907-9105-2faf32a23780' node_id='12D3KooWFqJJWdMdMqg7KvrGjx
Feb 14 01:02:34 gremlin-1 exo[1116617]: [ 01:02:34.017 | DEBUG    | exo.master.main:_event_processor:386 ] Master indexing event: NodeGatheredInfo(event_id='91df0969-d26b-4907-9105-2faf32a23780' node_id='12D3KooWFqJJWdMdMqg7KvrGjx
Feb 14 01:02:34 gremlin-1 exo[1116617]: [ 01:02:34.152 | DEBUG    | exo.worker.main:_forward_events:339 ] Worker published event 139: NodeGatheredInfo(event_id='7bf652ac-53b2-4748-b7a2-8b5134d5f3c5' node_id='12D3KooWFqJJWdMdMqg7KvrGjx
Feb 14 01:02:34 gremlin-1 exo[1116617]: [ 01:02:34.153 | DEBUG    | exo.worker.main:_forward_events:339 ] Worker published event 140: NodeGatheredInfo(event_id='ec79cd02-21ef-4fb5-8ff4-eeb03efb7f71' node_id='12D3KooWFqJJWdMdMqg7KvrGjx
Feb 14 01:02:34 gremlin-1 exo[1116617]: [ 01:02:34.155 | DEBUG    | exo.master.main:_event_processor:386 ] Master indexing event: NodeGatheredInfo(event_id='7bf652ac-53b2-4748-b7a2-8b5134d5f3c5' node_id='12D3KooWFqJJWdMdMqg7KvrGjx
Feb 14 01:02:34 gremlin-1 exo[1116617]: [ 01:02:34.156 | DEBUG    | exo.master.main:_event_processor:386 ] Master indexing event: NodeGatheredInfo(event_id='ec79cd02-21ef-4fb5-8ff4-eeb03efb7f71' node_id='12D3KooWFqJJWdMdMqg7KvrGjx
Feb 14 01:02:34 gremlin-1 exo[1116617]: [ 01:02:34.180 | DEBUG    | exo.master.api:_log_requests:199 ] API request: GET /state
Feb 14 01:02:35 gremlin-1 exo[1116617]: [ 01:02:35.153 | DEBUG    | exo.worker.main:_forward_events:339 ] Worker published event 141: NodeGatheredInfo(event_id='1ca9a11a-fe38-49c8-8f35-2963311a7e21' node_id='12D3KooWFqJJWdMdMqg7KvrGjx
Feb 14 01:02:35 gremlin-1 exo[1116617]: [ 01:02:35.154 | DEBUG    | exo.master.main:_event_processor:386 ] Master indexing event: NodeGatheredInfo(event_id='1ca9a11a-fe38-49c8-8f35-2963311a7e21' node_id='12D3KooWFqJJWdMdMqg7KvrGjx
Feb 14 01:02:35 gremlin-1 exo[1116617]: [ 01:02:35.195 | DEBUG    | exo.master.api:_log_requests:199 ] API request: GET /state
Feb 14 01:02:36 gremlin-1 exo[1116617]: [ 01:02:36.155 | DEBUG    | exo.worker.main:_forward_events:339 ] Worker published event 142: NodeGatheredInfo(event_id='5800ca4e-1fa4-4b74-b87a-5f94b5e5f07f' node_id='12D3KooWFqJJWdMdMqg7KvrGjx
Feb 14 01:02:36 gremlin-1 exo[1116617]: [ 01:02:36.156 | DEBUG    | exo.master.main:_event_processor:386 ] Master indexing event: NodeGatheredInfo(event_id='5800ca4e-1fa4-4b74-b87a-5f94b5e5f07f' node_id='12D3KooWFqJJWdMdMqg7KvrGjx
Feb 14 01:02:36 gremlin-1 exo[1116617]: [ 01:02:36.275 | DEBUG    | exo.master.api:_log_requests:199 ] API request: GET /instance/previews
Feb 14 01:02:36 gremlin-1 exo[1116617]: [ 01:02:36.278 | DEBUG    | exo.master.api:_log_requests:199 ] API request: GET /state
Feb 14 01:02:37 gremlin-1 exo[1116617]: [ 01:02:37.156 | DEBUG    | exo.worker.main:_forward_events:339 ] Worker published event 143: NodeGatheredInfo(event_id='a4ab4418-b5a1-4dc8-9932-9ab0eaf2bf34' node_id='12D3KooWFqJJWdMdMqg7KvrGjx
Feb 14 01:02:37 gremlin-1 exo[1116617]: [ 01:02:37.157 | DEBUG    | exo.master.main:_event_processor:386 ] Master indexing event: NodeGatheredInfo(event_id='a4ab4418-b5a1-4dc8-9932-9ab0eaf2bf34' node_id='12D3KooWFqJJWdMdMqg7KvrGjx
Feb 14 01:02:37 gremlin-1 exo[1116617]: [ 01:02:37.173 | DEBUG    | exo.download.coordinator:_emit_existing_download_progress:279 ] DownloadCoordinator: Fetching and emitting existing download progress...
Feb 14 01:02:37 gremlin-1 exo[1116617]: [ 01:02:37.211 | DEBUG    | exo.download.coordinator:_forward_events:271 ] DownloadCoordinator published event 144: NodeDownloadProgress(event_id='29966b87-18f9-4279-bcc3-58fc927baec3' download_progress=DownloadPendi
Feb 14 01:02:37 gremlin-1 exo[1116617]: [ 01:02:37.212 | DEBUG    | exo.master.main:_event_processor:386 ] Master indexing event: NodeDownloadProgress(event_id='29966b87-18f9-4279-bcc3-58fc927baec3' download_progress=DownloadPendi
Feb 14 01:02:37 gremlin-1 exo[1116617]: [ 01:02:37.219 | DEBUG    | exo.download.coordinator:_forward_events:271 ] DownloadCoordinator published event 145: NodeDownloadProgress(event_id='307db938-b917-42eb-8599-6781a379e2d8' download_progress=DownloadPendi
Feb 14 01:02:37 gremlin-1 exo[1116617]: [ 01:02:37.219 | DEBUG    | exo.master.main:_event_processor:386 ] Master indexing event: NodeDownloadProgress(event_id='307db938-b917-42eb-8599-6781a379e2d8' download_progress=DownloadPendi
Feb 14 01:02:37 gremlin-1 exo[1116617]: [ 01:02:37.226 | DEBUG    | exo.download.coordinator:_forward_events:271 ] DownloadCoordinator published event 146: NodeDownloadProgress(event_id='ff37b63e-236c-449b-9159-16ff905e3fd2' download_progress=DownloadCompl
Feb 14 01:02:37 gremlin-1 exo[1116617]: [ 01:02:37.226 | DEBUG    | exo.master.main:_event_processor:386 ] Master indexing event: NodeDownloadProgress(event_id='ff37b63e-236c-449b-9159-16ff905e3fd2' download_progress=DownloadCompl
Feb 14 01:02:37 gremlin-1 exo[1116617]: [ 01:02:37.230 | DEBUG    | exo.download.coordinator:_forward_events:271 ] DownloadCoordinator published event 147: NodeDownloadProgress(event_id='bbe1b2ba-a238-473b-bc4b-264236b245fd' download_progress=DownloadPendi
Feb 14 01:02:37 gremlin-1 exo[1116617]: [ 01:02:37.230 | DEBUG    | exo.master.main:_event_processor:386 ] Master indexing event: NodeDownloadProgress(event_id='bbe1b2ba-a238-473b-bc4b-264236b245fd' download_progress=DownloadPendi
Feb 14 01:02:37 gremlin-1 exo[1116617]: [ 01:02:37.233 | DEBUG    | exo.download.coordinator:_forward_events:271 ] DownloadCoordinator published event 148: NodeDownloadProgress(event_id='24244d39-c113-4d6c-ae03-7f24044e1b80' download_progress=DownloadPendi
Feb 14 01:02:37 gremlin-1 exo[1116617]: [ 01:02:37.233 | DEBUG    | exo.master.main:_event_processor:386 ] Master indexing event: NodeDownloadProgress(event_id='24244d39-c113-4d6c-ae03-7f24044e1b80' download_progress=DownloadPendi
Feb 14 01:02:37 gremlin-1 exo[1116617]: [ 01:02:37.248 | DEBUG    | exo.download.coordinator:_forward_events:271 ] DownloadCoordinator published event 149: NodeDownloadProgress(event_id='7cbda6a0-641c-4370-931e-c13696e0ad10' download_progress=DownloadPendi
Feb 14 01:02:37 gremlin-1 exo[1116617]: [ 01:02:37.249 | DEBUG    | exo.master.main:_event_processor:386 ] Master indexing event: NodeDownloadProgress(event_id='7cbda6a0-641c-4370-931e-c13696e0ad10' download_progress=DownloadPendi
Feb 14 01:02:37 gremlin-1 exo[1116617]: [ 01:02:37.299 | DEBUG    | exo.master.api:_log_requests:199 ] API request: GET /state
Feb 14 01:02:37 gremlin-1 exo[1116617]: [ 01:02:37.336 | DEBUG    | exo.download.coordinator:_forward_events:271 ] DownloadCoordinator published event 150: NodeDownloadProgress(event_id='a68cb6a9-f776-4b37-beec-21ab6d7e2057' download_progress=DownloadPendi
Feb 14 01:02:37 gremlin-1 exo[1116617]: [ 01:02:37.337 | DEBUG    | exo.master.main:_event_processor:386 ] Master indexing event: NodeDownloadProgress(event_id='a68cb6a9-f776-4b37-beec-21ab6d7e2057' download_progress=DownloadPendi
Feb 14 01:02:37 gremlin-1 exo[1116617]: [ 01:02:37.340 | DEBUG    | exo.download.coordinator:_forward_events:271 ] DownloadCoordinator published event 151: NodeDownloadProgress(event_id='ca75f598-c42f-4f19-b410-f8f636c448e2' download_progress=DownloadPendi
Feb 14 01:02:37 gremlin-1 exo[1116617]: [ 01:02:37.342 | DEBUG    | exo.master.main:_event_processor:386 ] Master indexing event: NodeDownloadProgress(event_id='ca75f598-c42f-4f19-b410-f8f636c448e2' download_progress=DownloadPendi
Feb 14 01:02:37 gremlin-1 exo[1116617]: [ 01:02:37.386 | DEBUG    | exo.download.coordinator:_forward_events:271 ] DownloadCoordinator published event 152: NodeDownloadProgress(event_id='daa7d8e0-793c-462c-87e7-080791fccbfc' download_progress=DownloadPendi
Feb 14 01:02:37 gremlin-1 exo[1116617]: [ 01:02:37.387 | DEBUG    | exo.download.coordinator:_forward_events:271 ] DownloadCoordinator published event 153: NodeDownloadProgress(event_id='dc7c2cfa-ef59-4cee-8d17-70bc82b3423f' download_progress=DownloadPendi
Feb 14 01:02:37 gremlin-1 exo[1116617]: [ 01:02:37.387 | DEBUG    | exo.master.main:_event_processor:386 ] Master indexing event: NodeDownloadProgress(event_id='daa7d8e0-793c-462c-87e7-080791fccbfc' download_progress=DownloadPendi
Feb 14 01:02:37 gremlin-1 exo[1116617]: [ 01:02:37.388 | DEBUG    | exo.master.main:_event_processor:386 ] Master indexing event: NodeDownloadProgress(event_id='dc7c2cfa-ef59-4cee-8d17-70bc82b3423f' download_progress=DownloadPendi
Feb 14 01:02:37 gremlin-1 exo[1116617]: [ 01:02:37.395 | DEBUG    | exo.download.coordinator:_forward_events:271 ] DownloadCoordinator published event 154: NodeDownloadProgress(event_id='d7e9e45d-a226-4ffc-9bda-76e04284b24d' download_progress=DownloadPendi
Feb 14 01:02:37 gremlin-1 exo[1116617]: [ 01:02:37.395 | DEBUG    | exo.master.main:_event_processor:386 ] Master indexing event: NodeDownloadProgress(event_id='d7e9e45d-a226-4ffc-9bda-76e04284b24d' download_progress=DownloadPendi
Feb 14 01:02:37 gremlin-1 exo[1116617]: [ 01:02:37.418 | DEBUG    | exo.download.coordinator:_forward_events:271 ] DownloadCoordinator published event 155: NodeDownloadProgress(event_id='bd70c8ba-02ce-4abc-b2c5-bee972facfe4' download_progress=DownloadPendi
Feb 14 01:02:37 gremlin-1 exo[1116617]: [ 01:02:37.419 | DEBUG    | exo.master.main:_event_processor:386 ] Master indexing event: NodeDownloadProgress(event_id='bd70c8ba-02ce-4abc-b2c5-bee972facfe4' download_progress=DownloadPendi
Feb 14 01:02:37 gremlin-1 exo[1116617]: [ 01:02:37.440 | DEBUG    | exo.download.coordinator:_forward_events:271 ] DownloadCoordinator published event 156: NodeDownloadProgress(event_id='3e2cde91-f06d-4561-a672-fedb96c98d51' download_progress=DownloadPendi
Feb 14 01:02:37 gremlin-1 exo[1116617]: [ 01:02:37.441 | DEBUG    | exo.master.main:_event_processor:386 ] Master indexing event: NodeDownloadProgress(event_id='3e2cde91-f06d-4561-a672-fedb96c98d51' download_progress=DownloadPendi
Feb 14 01:02:37 gremlin-1 exo[1116617]: [ 01:02:37.447 | DEBUG    | exo.download.coordinator:_forward_events:271 ] DownloadCoordinator published event 157: NodeDownloadProgress(event_id='da3e54bd-861d-4530-8094-c35d2e4a6a89' download_progress=DownloadPendi
Feb 14 01:02:37 gremlin-1 exo[1116617]: [ 01:02:37.450 | DEBUG    | exo.master.main:_event_processor:386 ] Master indexing event: NodeDownloadProgress(event_id='da3e54bd-861d-4530-8094-c35d2e4a6a89' download_progress=DownloadPendi
Feb 14 01:02:37 gremlin-1 exo[1116617]: [ 01:02:37.460 | DEBUG    | exo.download.coordinator:_forward_events:271 ] DownloadCoordinator published event 158: NodeDownloadProgress(event_id='86bd09cc-10ea-4eaa-83b0-257e9df84613' download_progress=DownloadPendi
Feb 14 01:02:37 gremlin-1 exo[1116617]: [ 01:02:37.461 | DEBUG    | exo.master.main:_event_processor:386 ] Master indexing event: NodeDownloadProgress(event_id='86bd09cc-10ea-4eaa-83b0-257e9df84613' download_progress=DownloadPendi
Feb 14 01:02:37 gremlin-1 exo[1116617]: [ 01:02:37.486 | DEBUG    | exo.download.coordinator:_forward_events:271 ] DownloadCoordinator published event 159: NodeDownloadProgress(event_id='738a7851-7d7d-4952-b507-9b5854cbe732' download_progress=DownloadPendi
Feb 14 01:02:37 gremlin-1 exo[1116617]: [ 01:02:37.487 | DEBUG    | exo.master.main:_event_processor:386 ] Master indexing event: NodeDownloadProgress(event_id='738a7851-7d7d-4952-b507-9b5854cbe732' download_progress=DownloadPendi
Feb 14 01:02:37 gremlin-1 exo[1116617]: [ 01:02:37.501 | DEBUG    | exo.download.coordinator:_forward_events:271 ] DownloadCoordinator published event 160: NodeDownloadProgress(event_id='b582e583-2550-4fa8-85e1-8fef26f4a201' download_progress=DownloadPendi
Feb 14 01:02:37 gremlin-1 exo[1116617]: [ 01:02:37.502 | DEBUG    | exo.master.main:_event_processor:386 ] Master indexing event: NodeDownloadProgress(event_id='b582e583-2550-4fa8-85e1-8fef26f4a201' download_progress=DownloadPendi
Feb 14 01:02:37 gremlin-1 exo[1116617]: [ 01:02:37.520 | DEBUG    | exo.download.coordinator:_forward_events:271 ] DownloadCoordinator published event 161: NodeDownloadProgress(event_id='bd5cfdc8-2c0c-4670-82cb-9b348cfd85d8' download_progress=DownloadPendi
Feb 14 01:02:37 gremlin-1 exo[1116617]: [ 01:02:37.520 | DEBUG    | exo.master.main:_event_processor:386 ] Master indexing event: NodeDownloadProgress(event_id='bd5cfdc8-2c0c-4670-82cb-9b348cfd85d8' download_progress=DownloadPendi
Feb 14 01:02:37 gremlin-1 exo[1116617]: [ 01:02:37.524 | DEBUG    | exo.download.coordinator:_forward_events:271 ] DownloadCoordinator published event 162: NodeDownloadProgress(event_id='6792832c-e7da-4661-ad80-2f99e32a0da3' download_progress=DownloadCompl
Feb 14 01:02:37 gremlin-1 exo[1116617]: [ 01:02:37.525 | DEBUG    | exo.master.main:_event_processor:386 ] Master indexing event: NodeDownloadProgress(event_id='6792832c-e7da-4661-ad80-2f99e32a0da3' download_progress=DownloadCompl
Feb 14 01:02:37 gremlin-1 exo[1116617]: [ 01:02:37.553 | DEBUG    | exo.download.coordinator:_forward_events:271 ] DownloadCoordinator published event 163: NodeDownloadProgress(event_id='9d15998f-222d-47da-b236-477d414751c2' download_progress=DownloadPendi
Feb 14 01:02:37 gremlin-1 exo[1116617]: [ 01:02:37.554 | DEBUG    | exo.master.main:_event_processor:386 ] Master indexing event: NodeDownloadProgress(event_id='9d15998f-222d-47da-b236-477d414751c2' download_progress=DownloadPendi
Feb 14 01:02:37 gremlin-1 exo[1116617]: [ 01:02:37.572 | DEBUG    | exo.download.coordinator:_forward_events:271 ] DownloadCoordinator published event 164: NodeDownloadProgress(event_id='03c1fe53-86b6-443e-8615-8d5f7a344366' download_progress=DownloadPendi
Feb 14 01:02:37 gremlin-1 exo[1116617]: [ 01:02:37.572 | DEBUG    | exo.master.main:_event_processor:386 ] Master indexing event: NodeDownloadProgress(event_id='03c1fe53-86b6-443e-8615-8d5f7a344366' download_progress=DownloadPendi
Feb 14 01:02:37 gremlin-1 exo[1116617]: [ 01:02:37.582 | DEBUG    | exo.download.coordinator:_forward_events:271 ] DownloadCoordinator published event 165: NodeDownloadProgress(event_id='c651a926-d771-4f81-b4d7-0d1e3272e6a9' download_progress=DownloadPendi
Feb 14 01:02:37 gremlin-1 exo[1116617]: [ 01:02:37.583 | DEBUG    | exo.master.main:_event_processor:386 ] Master indexing event: NodeDownloadProgress(event_id='c651a926-d771-4f81-b4d7-0d1e3272e6a9' download_progress=DownloadPendi
Feb 14 01:02:37 gremlin-1 exo[1116617]: [ 01:02:37.592 | DEBUG    | exo.download.coordinator:_forward_events:271 ] DownloadCoordinator published event 166: NodeDownloadProgress(event_id='c8bd7e21-a5ff-42b6-91b9-733c4c081db3' download_progress=DownloadPendi
Feb 14 01:02:37 gremlin-1 exo[1116617]: [ 01:02:37.593 | DEBUG    | exo.master.main:_event_processor:386 ] Master indexing event: NodeDownloadProgress(event_id='c8bd7e21-a5ff-42b6-91b9-733c4c081db3' download_progress=DownloadPendi
Feb 14 01:02:37 gremlin-1 exo[1116617]: [ 01:02:37.600 | DEBUG    | exo.download.coordinator:_forward_events:271 ] DownloadCoordinator published event 167: NodeDownloadProgress(event_id='a4eb21d8-f2e7-49ce-a99a-59e9f49e41cd' download_progress=DownloadPendi
Feb 14 01:02:37 gremlin-1 exo[1116617]: [ 01:02:37.601 | DEBUG    | exo.master.main:_event_processor:386 ] Master indexing event: NodeDownloadProgress(event_id='a4eb21d8-f2e7-49ce-a99a-59e9f49e41cd' download_progress=DownloadPendi
Feb 14 01:02:37 gremlin-1 exo[1116617]: [ 01:02:37.611 | DEBUG    | exo.download.coordinator:_forward_events:271 ] DownloadCoordinator published event 168: NodeDownloadProgress(event_id='1cb33531-ef21-4de2-b3a0-aeae1973dcb7' download_progress=DownloadPendi
Feb 14 01:02:37 gremlin-1 exo[1116617]: [ 01:02:37.612 | DEBUG    | exo.master.main:_event_processor:386 ] Master indexing event: NodeDownloadProgress(event_id='1cb33531-ef21-4de2-b3a0-aeae1973dcb7' download_progress=DownloadPendi
Feb 14 01:02:37 gremlin-1 exo[1116617]: [ 01:02:37.624 | DEBUG    | exo.download.coordinator:_forward_events:271 ] DownloadCoordinator published event 169: NodeDownloadProgress(event_id='4bffc6f1-7a74-4239-bba0-65118e0278c8' download_progress=DownloadPendi
Feb 14 01:02:37 gremlin-1 exo[1116617]: [ 01:02:37.626 | DEBUG    | exo.master.main:_event_processor:386 ] Master indexing event: NodeDownloadProgress(event_id='4bffc6f1-7a74-4239-bba0-65118e0278c8' download_progress=DownloadPendi
Feb 14 01:02:37 gremlin-1 exo[1116617]: [ 01:02:37.643 | DEBUG    | exo.download.coordinator:_forward_events:271 ] DownloadCoordinator published event 170: NodeDownloadProgress(event_id='46523293-8e9e-41ed-9c3b-f21a4b450af4' download_progress=DownloadCompl
Feb 14 01:02:37 gremlin-1 exo[1116617]: [ 01:02:37.644 | DEBUG    | exo.master.main:_event_processor:386 ] Master indexing event: NodeDownloadProgress(event_id='46523293-8e9e-41ed-9c3b-f21a4b450af4' download_progress=DownloadCompl
Feb 14 01:02:37 gremlin-1 exo[1116617]: [ 01:02:37.661 | DEBUG    | exo.download.coordinator:_forward_events:271 ] DownloadCoordinator published event 171: NodeDownloadProgress(event_id='1d3cfce7-d671-49e8-9f15-198ced535417' download_progress=DownloadPendi
Feb 14 01:02:37 gremlin-1 exo[1116617]: [ 01:02:37.662 | DEBUG    | exo.master.main:_event_processor:386 ] Master indexing event: NodeDownloadProgress(event_id='1d3cfce7-d671-49e8-9f15-198ced535417' download_progress=DownloadPendi
Feb 14 01:02:37 gremlin-1 exo[1116617]: [ 01:02:37.679 | DEBUG    | exo.download.coordinator:_forward_events:271 ] DownloadCoordinator published event 172: NodeDownloadProgress(event_id='fe73245b-65fe-4869-9a77-018e0605374e' download_progress=DownloadPendi
Feb 14 01:02:37 gremlin-1 exo[1116617]: [ 01:02:37.682 | DEBUG    | exo.master.main:_event_processor:386 ] Master indexing event: NodeDownloadProgress(event_id='fe73245b-65fe-4869-9a77-018e0605374e' download_progress=DownloadPendi
Feb 14 01:02:37 gremlin-1 exo[1116617]: [ 01:02:37.727 | DEBUG    | exo.download.coordinator:_forward_events:271 ] DownloadCoordinator published event 173: NodeDownloadProgress(event_id='717b6f36-fff3-4ac9-a374-ec869c771910' download_progress=DownloadPendi
Feb 14 01:02:37 gremlin-1 exo[1116617]: [ 01:02:37.728 | DEBUG    | exo.master.main:_event_processor:386 ] Master indexing event: NodeDownloadProgress(event_id='717b6f36-fff3-4ac9-a374-ec869c771910' download_progress=DownloadPendi
Feb 14 01:02:37 gremlin-1 exo[1116617]: [ 01:02:37.757 | DEBUG    | exo.download.coordinator:_forward_events:271 ] DownloadCoordinator published event 174: NodeDownloadProgress(event_id='1032935d-8fc9-44a0-a35b-5f48e03ec19a' download_progress=DownloadPendi
Feb 14 01:02:37 gremlin-1 exo[1116617]: [ 01:02:37.758 | DEBUG    | exo.master.main:_event_processor:386 ] Master indexing event: NodeDownloadProgress(event_id='1032935d-8fc9-44a0-a35b-5f48e03ec19a' download_progress=DownloadPendi
Feb 14 01:02:37 gremlin-1 exo[1116617]: [ 01:02:37.780 | DEBUG    | exo.download.coordinator:_forward_events:271 ] DownloadCoordinator published event 175: NodeDownloadProgress(event_id='c17c8c31-defa-4a5a-8d7d-b72737adc6d3' download_progress=DownloadPendi
Feb 14 01:02:37 gremlin-1 exo[1116617]: [ 01:02:37.782 | DEBUG    | exo.master.main:_event_processor:386 ] Master indexing event: NodeDownloadProgress(event_id='c17c8c31-defa-4a5a-8d7d-b72737adc6d3' download_progress=DownloadPendi
Feb 14 01:02:37 gremlin-1 exo[1116617]: [ 01:02:37.787 | DEBUG    | exo.download.coordinator:_forward_events:271 ] DownloadCoordinator published event 176: NodeDownloadProgress(event_id='a432e519-0c3b-45f6-9e9f-0cc787ae010c' download_progress=DownloadPendi
Feb 14 01:02:37 gremlin-1 exo[1116617]: [ 01:02:37.787 | DEBUG    | exo.master.main:_event_processor:386 ] Master indexing event: NodeDownloadProgress(event_id='a432e519-0c3b-45f6-9e9f-0cc787ae010c' download_progress=DownloadPendi
Feb 14 01:02:37 gremlin-1 exo[1116617]: [ 01:02:37.789 | DEBUG    | exo.download.coordinator:_forward_events:271 ] DownloadCoordinator published event 177: NodeDownloadProgress(event_id='71974b45-8a72-481e-8164-add5cde0b814' download_progress=DownloadPendi
Feb 14 01:02:37 gremlin-1 exo[1116617]: [ 01:02:37.790 | DEBUG    | exo.master.main:_event_processor:386 ] Master indexing event: NodeDownloadProgress(event_id='71974b45-8a72-481e-8164-add5cde0b814' download_progress=DownloadPendi
Feb 14 01:02:37 gremlin-1 exo[1116617]: [ 01:02:37.843 | DEBUG    | exo.download.coordinator:_forward_events:271 ] DownloadCoordinator published event 178: NodeDownloadProgress(event_id='155889b4-ae02-466c-9b79-83584da5f42f' download_progress=DownloadPendi
Feb 14 01:02:37 gremlin-1 exo[1116617]: [ 01:02:37.843 | DEBUG    | exo.master.main:_event_processor:386 ] Master indexing event: NodeDownloadProgress(event_id='155889b4-ae02-466c-9b79-83584da5f42f' download_progress=DownloadPendi
Feb 14 01:02:37 gremlin-1 exo[1116617]: [ 01:02:37.851 | DEBUG    | exo.download.coordinator:_forward_events:271 ] DownloadCoordinator published event 179: NodeDownloadProgress(event_id='80646c39-a798-421b-92e4-1358076a0ed6' download_progress=DownloadPendi
Feb 14 01:02:37 gremlin-1 exo[1116617]: [ 01:02:37.852 | DEBUG    | exo.master.main:_event_processor:386 ] Master indexing event: NodeDownloadProgress(event_id='80646c39-a798-421b-92e4-1358076a0ed6' download_progress=DownloadPendi
Feb 14 01:02:37 gremlin-1 exo[1116617]: [ 01:02:37.867 | DEBUG    | exo.download.coordinator:_forward_events:271 ] DownloadCoordinator published event 180: NodeDownloadProgress(event_id='5f95e27c-d718-43fb-903c-56662e9d9555' download_progress=DownloadPendi
Feb 14 01:02:37 gremlin-1 exo[1116617]: [ 01:02:37.867 | DEBUG    | exo.master.main:_event_processor:386 ] Master indexing event: NodeDownloadProgress(event_id='5f95e27c-d718-43fb-903c-56662e9d9555' download_progress=DownloadPendi
Feb 14 01:02:37 gremlin-1 exo[1116617]: [ 01:02:37.929 | DEBUG    | exo.download.coordinator:_forward_events:271 ] DownloadCoordinator published event 181: NodeDownloadProgress(event_id='f7dffe87-ba0d-478f-97d0-0fb0f2bd88b5' download_progress=DownloadPendi
Feb 14 01:02:37 gremlin-1 exo[1116617]: [ 01:02:37.930 | DEBUG    | exo.master.main:_event_processor:386 ] Master indexing event: NodeDownloadProgress(event_id='f7dffe87-ba0d-478f-97d0-0fb0f2bd88b5' download_progress=DownloadPendi
Feb 14 01:02:37 gremlin-1 exo[1116617]: [ 01:02:37.941 | DEBUG    | exo.download.coordinator:_forward_events:271 ] DownloadCoordinator published event 182: NodeDownloadProgress(event_id='0496bc6b-dda8-445b-8c6b-cb94c6585d7b' download_progress=DownloadPendi
Feb 14 01:02:37 gremlin-1 exo[1116617]: [ 01:02:37.942 | DEBUG    | exo.master.main:_event_processor:386 ] Master indexing event: NodeDownloadProgress(event_id='0496bc6b-dda8-445b-8c6b-cb94c6585d7b' download_progress=DownloadPendi
Feb 14 01:02:37 gremlin-1 exo[1116617]: [ 01:02:37.958 | DEBUG    | exo.download.coordinator:_forward_events:271 ] DownloadCoordinator published event 183: NodeDownloadProgress(event_id='8182f9da-b403-47d3-88a4-b6a055d9f1b7' download_progress=DownloadPendi
Feb 14 01:02:37 gremlin-1 exo[1116617]: [ 01:02:37.960 | DEBUG    | exo.master.main:_event_processor:386 ] Master indexing event: NodeDownloadProgress(event_id='8182f9da-b403-47d3-88a4-b6a055d9f1b7' download_progress=DownloadPendi
Feb 14 01:02:37 gremlin-1 exo[1116617]: [ 01:02:37.993 | DEBUG    | exo.download.coordinator:_forward_events:271 ] DownloadCoordinator published event 184: NodeDownloadProgress(event_id='f3167a5e-a758-419a-be5b-9e3e0baf551e' download_progress=DownloadPendi
Feb 14 01:02:37 gremlin-1 exo[1116617]: [ 01:02:37.994 | DEBUG    | exo.master.main:_event_processor:386 ] Master indexing event: NodeDownloadProgress(event_id='f3167a5e-a758-419a-be5b-9e3e0baf551e' download_progress=DownloadPendi
Feb 14 01:02:38 gremlin-1 exo[1116617]: [ 01:02:38.002 | DEBUG    | exo.download.coordinator:_forward_events:271 ] DownloadCoordinator published event 185: NodeDownloadProgress(event_id='6cd51259-27f8-4c0d-b05f-e28bda0ce79c' download_progress=DownloadPendi
Feb 14 01:02:38 gremlin-1 exo[1116617]: [ 01:02:38.002 | DEBUG    | exo.master.main:_event_processor:386 ] Master indexing event: NodeDownloadProgress(event_id='6cd51259-27f8-4c0d-b05f-e28bda0ce79c' download_progress=DownloadPendi
Feb 14 01:02:38 gremlin-1 exo[1116617]: [ 01:02:38.009 | DEBUG    | exo.download.coordinator:_forward_events:271 ] DownloadCoordinator published event 186: NodeDownloadProgress(event_id='74a1ef92-fa6b-49ff-90cb-d75048b25ce4' download_progress=DownloadPendi
Feb 14 01:02:38 gremlin-1 exo[1116617]: [ 01:02:38.010 | DEBUG    | exo.master.main:_event_processor:386 ] Master indexing event: NodeDownloadProgress(event_id='74a1ef92-fa6b-49ff-90cb-d75048b25ce4' download_progress=DownloadPendi
Feb 14 01:02:38 gremlin-1 exo[1116617]: [ 01:02:38.016 | DEBUG    | exo.download.coordinator:_forward_events:271 ] DownloadCoordinator published event 187: NodeDownloadProgress(event_id='ab885362-ef96-4950-a735-be015e569695' download_progress=DownloadPendi
Feb 14 01:02:38 gremlin-1 exo[1116617]: [ 01:02:38.017 | DEBUG    | exo.master.main:_event_processor:386 ] Master indexing event: NodeDownloadProgress(event_id='ab885362-ef96-4950-a735-be015e569695' download_progress=DownloadPendi
Feb 14 01:02:38 gremlin-1 exo[1116617]: [ 01:02:38.045 | DEBUG    | exo.download.coordinator:_forward_events:271 ] DownloadCoordinator published event 188: NodeDownloadProgress(event_id='c4c28ad3-ba61-4bb0-991d-a25dd74a8e69' download_progress=DownloadPendi
Feb 14 01:02:38 gremlin-1 exo[1116617]: [ 01:02:38.046 | DEBUG    | exo.download.coordinator:_forward_events:271 ] DownloadCoordinator published event 189: NodeDownloadProgress(event_id='504d92ff-dad4-404b-b720-c6e843f23efc' download_progress=DownloadPendi
Feb 14 01:02:38 gremlin-1 exo[1116617]: [ 01:02:38.046 | DEBUG    | exo.download.coordinator:_forward_events:271 ] DownloadCoordinator published event 190: NodeDownloadProgress(event_id='add62863-4f78-46e9-93f3-8fc312f454a2' download_progress=DownloadPendi
Feb 14 01:02:38 gremlin-1 exo[1116617]: [ 01:02:38.047 | DEBUG    | exo.master.main:_event_processor:386 ] Master indexing event: NodeDownloadProgress(event_id='c4c28ad3-ba61-4bb0-991d-a25dd74a8e69' download_progress=DownloadPendi
Feb 14 01:02:38 gremlin-1 exo[1116617]: [ 01:02:38.048 | DEBUG    | exo.master.main:_event_processor:386 ] Master indexing event: NodeDownloadProgress(event_id='504d92ff-dad4-404b-b720-c6e843f23efc' download_progress=DownloadPendi
Feb 14 01:02:38 gremlin-1 exo[1116617]: [ 01:02:38.049 | DEBUG    | exo.master.main:_event_processor:386 ] Master indexing event: NodeDownloadProgress(event_id='add62863-4f78-46e9-93f3-8fc312f454a2' download_progress=DownloadPendi
Feb 14 01:02:38 gremlin-1 exo[1116617]: [ 01:02:38.061 | DEBUG    | exo.download.coordinator:_forward_events:271 ] DownloadCoordinator published event 191: NodeDownloadProgress(event_id='a9a2f643-d14f-4b4f-b645-7355d81152b5' download_progress=DownloadPendi
Feb 14 01:02:38 gremlin-1 exo[1116617]: [ 01:02:38.062 | DEBUG    | exo.master.main:_event_processor:386 ] Master indexing event: NodeDownloadProgress(event_id='a9a2f643-d14f-4b4f-b645-7355d81152b5' download_progress=DownloadPendi
Feb 14 01:02:38 gremlin-1 exo[1116617]: [ 01:02:38.089 | DEBUG    | exo.download.coordinator:_forward_events:271 ] DownloadCoordinator published event 192: NodeDownloadProgress(event_id='81bfb033-d39f-44d7-99a7-fbfa4000a6e9' download_progress=DownloadPendi
Feb 14 01:02:38 gremlin-1 exo[1116617]: [ 01:02:38.090 | DEBUG    | exo.master.main:_event_processor:386 ] Master indexing event: NodeDownloadProgress(event_id='81bfb033-d39f-44d7-99a7-fbfa4000a6e9' download_progress=DownloadPendi
Feb 14 01:02:38 gremlin-1 exo[1116617]: [ 01:02:38.097 | DEBUG    | exo.download.coordinator:_forward_events:271 ] DownloadCoordinator published event 193: NodeDownloadProgress(event_id='ba7e6334-8ca6-4855-a10c-d4102377481a' download_progress=DownloadPendi
Feb 14 01:02:38 gremlin-1 exo[1116617]: [ 01:02:38.097 | DEBUG    | exo.master.main:_event_processor:386 ] Master indexing event: NodeDownloadProgress(event_id='ba7e6334-8ca6-4855-a10c-d4102377481a' download_progress=DownloadPendi
Feb 14 01:02:38 gremlin-1 exo[1116617]: [ 01:02:38.107 | DEBUG    | exo.download.coordinator:_forward_events:271 ] DownloadCoordinator published event 194: NodeDownloadProgress(event_id='b9de8254-c046-4db4-9cf1-6c177e1a93b8' download_progress=DownloadPendi
Feb 14 01:02:38 gremlin-1 exo[1116617]: [ 01:02:38.108 | DEBUG    | exo.master.main:_event_processor:386 ] Master indexing event: NodeDownloadProgress(event_id='b9de8254-c046-4db4-9cf1-6c177e1a93b8' download_progress=DownloadPendi
Feb 14 01:02:38 gremlin-1 exo[1116617]: [ 01:02:38.111 | DEBUG    | exo.download.coordinator:_forward_events:271 ] DownloadCoordinator published event 195: NodeDownloadProgress(event_id='b3439f38-d7c9-4898-baec-62c80715818b' download_progress=DownloadCompl
Feb 14 01:02:38 gremlin-1 exo[1116617]: [ 01:02:38.112 | DEBUG    | exo.master.main:_event_processor:386 ] Master indexing event: NodeDownloadProgress(event_id='b3439f38-d7c9-4898-baec-62c80715818b' download_progress=DownloadCompl
Feb 14 01:02:38 gremlin-1 exo[1116617]: [ 01:02:38.116 | DEBUG    | exo.download.coordinator:_forward_events:271 ] DownloadCoordinator published event 196: NodeDownloadProgress(event_id='052d0a59-83ff-4dcd-9da7-72717ee52c18' download_progress=DownloadCompl
Feb 14 01:02:38 gremlin-1 exo[1116617]: [ 01:02:38.117 | DEBUG    | exo.master.main:_event_processor:386 ] Master indexing event: NodeDownloadProgress(event_id='052d0a59-83ff-4dcd-9da7-72717ee52c18' download_progress=DownloadCompl
Feb 14 01:02:38 gremlin-1 exo[1116617]: [ 01:02:38.122 | DEBUG    | exo.download.coordinator:_forward_events:271 ] DownloadCoordinator published event 197: NodeDownloadProgress(event_id='30dad9f6-e487-4aa4-8172-773a693b4c57' download_progress=DownloadPendi
Feb 14 01:02:38 gremlin-1 exo[1116617]: [ 01:02:38.123 | DEBUG    | exo.master.main:_event_processor:386 ] Master indexing event: NodeDownloadProgress(event_id='30dad9f6-e487-4aa4-8172-773a693b4c57' download_progress=DownloadPendi
Feb 14 01:02:38 gremlin-1 exo[1116617]: [ 01:02:38.146 | DEBUG    | exo.download.coordinator:_emit_existing_download_progress:312 ] DownloadCoordinator: Done emitting existing download progress.
Feb 14 01:02:38 gremlin-1 exo[1116617]: [ 01:02:38.147 | DEBUG    | exo.download.coordinator:_forward_events:271 ] DownloadCoordinator published event 198: NodeDownloadProgress(event_id='de005364-1ae0-4004-9086-846d028cb2ec' download_progress=DownloadPendi
Feb 14 01:02:38 gremlin-1 exo[1116617]: [ 01:02:38.147 | DEBUG    | exo.master.main:_event_processor:386 ] Master indexing event: NodeDownloadProgress(event_id='de005364-1ae0-4004-9086-846d028cb2ec' download_progress=DownloadPendi
Feb 14 01:02:38 gremlin-1 exo[1116617]: [ 01:02:38.157 | DEBUG    | exo.worker.main:_forward_events:339 ] Worker published event 199: NodeGatheredInfo(event_id='6a942056-815d-46a4-8e13-a497860db33c' node_id='12D3KooWFqJJWdMdMqg7KvrGjx
Feb 14 01:02:38 gremlin-1 exo[1116617]: [ 01:02:38.158 | DEBUG    | exo.master.main:_event_processor:386 ] Master indexing event: NodeGatheredInfo(event_id='6a942056-815d-46a4-8e13-a497860db33c' node_id='12D3KooWFqJJWdMdMqg7KvrGjx
Feb 14 01:02:38 gremlin-1 exo[1116617]: [ 01:02:38.299 | DEBUG    | exo.master.api:_log_requests:199 ] API request: GET /state
Feb 14 01:02:39 gremlin-1 exo[1116617]: [ 01:02:39.158 | DEBUG    | exo.worker.main:_forward_events:339 ] Worker published event 200: NodeGatheredInfo(event_id='39943735-bb3f-4ba2-9783-a883ba510f35' node_id='12D3KooWFqJJWdMdMqg7KvrGjx
Feb 14 01:02:39 gremlin-1 exo[1116617]: [ 01:02:39.160 | DEBUG    | exo.master.main:_event_processor:386 ] Master indexing event: NodeGatheredInfo(event_id='39943735-bb3f-4ba2-9783-a883ba510f35' node_id='12D3KooWFqJJWdMdMqg7KvrGjx
Feb 14 01:02:39 gremlin-1 exo[1116617]: [ 01:02:39.317 | DEBUG    | exo.master.api:_log_requests:199 ] API request: GET /state
Feb 14 01:02:40 gremlin-1 exo[1116617]: [ 01:02:40.159 | DEBUG    | exo.worker.main:_forward_events:339 ] Worker published event 201: NodeGatheredInfo(event_id='5db37ae6-a4eb-4ce8-8cab-a85229a4463b' node_id='12D3KooWFqJJWdMdMqg7KvrGjx
Feb 14 01:02:40 gremlin-1 exo[1116617]: [ 01:02:40.161 | DEBUG    | exo.master.main:_event_processor:386 ] Master indexing event: NodeGatheredInfo(event_id='5db37ae6-a4eb-4ce8-8cab-a85229a4463b' node_id='12D3KooWFqJJWdMdMqg7KvrGjx
Feb 14 01:02:40 gremlin-1 exo[1116617]: [ 01:02:40.415 | DEBUG    | exo.master.api:_log_requests:199 ] API request: GET /state
Feb 14 01:02:41 gremlin-1 exo[1116617]: [ 01:02:41.162 | DEBUG    | exo.worker.main:_forward_events:339 ] Worker published event 202: NodeGatheredInfo(event_id='1adfc40b-4343-47fc-a53d-3ef1f3bfb217' node_id='12D3KooWFqJJWdMdMqg7KvrGjx
Feb 14 01:02:41 gremlin-1 exo[1116617]: [ 01:02:41.163 | DEBUG    | exo.master.main:_event_processor:386 ] Master indexing event: NodeGatheredInfo(event_id='1adfc40b-4343-47fc-a53d-3ef1f3bfb217' node_id='12D3KooWFqJJWdMdMqg7KvrGjx
Feb 14 01:02:41 gremlin-1 exo[1116617]: [ 01:02:41.415 | DEBUG    | exo.master.api:_log_requests:199 ] API request: GET /state
Feb 14 01:02:42 gremlin-1 exo[1116617]: [ 01:02:42.163 | DEBUG    | exo.worker.main:_forward_events:339 ] Worker published event 203: NodeGatheredInfo(event_id='695dabb7-b910-434c-9e9f-74be01bf7e1e' node_id='12D3KooWFqJJWdMdMqg7KvrGjx
Feb 14 01:02:42 gremlin-1 exo[1116617]: [ 01:02:42.164 | DEBUG    | exo.master.main:_event_processor:386 ] Master indexing event: NodeGatheredInfo(event_id='695dabb7-b910-434c-9e9f-74be01bf7e1e' node_id='12D3KooWFqJJWdMdMqg7KvrGjx
Feb 14 01:02:42 gremlin-1 exo[1116617]: [ 01:02:42.416 | DEBUG    | exo.master.api:_log_requests:199 ] API request: GET /state
Feb 14 01:02:43 gremlin-1 exo[1116617]: [ 01:02:43.165 | DEBUG    | exo.worker.main:_forward_events:339 ] Worker published event 204: NodeGatheredInfo(event_id='64a5a7a9-49e3-4478-8c1a-d43b5a22c0ea' node_id='12D3KooWFqJJWdMdMqg7KvrGjx
Feb 14 01:02:43 gremlin-1 exo[1116617]: [ 01:02:43.165 | DEBUG    | exo.master.main:_event_processor:386 ] Master indexing event: NodeGatheredInfo(event_id='64a5a7a9-49e3-4478-8c1a-d43b5a22c0ea' node_id='12D3KooWFqJJWdMdMqg7KvrGjx
Feb 14 01:02:43 gremlin-1 exo[1116617]: [ 01:02:43.431 | DEBUG    | exo.master.api:_log_requests:199 ] API request: GET /state
